Gene_set,Term,Overlap,P-value,Adjusted P-value,Old P-value,Old Adjusted P-value,Odds Ratio,Combined Score,Genes
Reactome_2022,Formation Of Cornified Envelope R-HSA-6809371,21/74,3.265068252616652e-25,1.962306019822608e-22,0,0,43.711078317697904,2464.489459425883,FLG;SPRR2E;CSTA;SPRR2G;CDSN;SPINK5;KLK5;LCE1E;PPL;LCE1C;LCE2D;LCE2B;LCE1B;LCE2C;LCE3D;LCE2A;PERP;LORICRIN;PKP3;IVL;SPRR2D
Reactome_2022,Keratinization R-HSA-6805567,28/208,1.2204049433934105e-23,3.6673168548971975e-21,0,0,17.74418604651163,936.1881250737156,FLG;SPRR2E;SPRR2G;CSTA;KRT80;KLK5;KRT23;PPL;KRT85;LCE2D;LCE1B;LCE3D;PERP;KRT25;SPRR2D;KRTAP11-1;CDSN;SPINK5;KRT35;KRT32;LCE1E;LCE1C;LCE2B;LCE2C;LCE2A;LORICRIN;PKP3;IVL
Reactome_2022,Developmental Biology R-HSA-1266738,37/1073,3.308987408550605e-11,6.629004775129712e-09,0,0,4.1113058720420685,99.21318554962156,FLG;SPRR2E;SPRR2G;CSTA;KRT80;PSMD14;KLK5;CLTB;KRT23;PPL;KRT85;LCE2D;PSMD8;LCE1B;PSMB7;LCE3D;PERP;KRT25;MYH14;SPRR2D;KRTAP11-1;CDSN;SPINK5;KRT35;KRT32;LCE1E;LCE1C;LCE2B;LCE2C;H2AJ;LCE2A;PSMC3;CSNK2B;LORICRIN;PKP3;CD24;IVL
Reactome_2022,Cholesterol Biosynthesis R-HSA-191273,5/26,5.273783818881518e-06,0.0007923860187869481,0,0,24.15018315018315,293.4914392101124,IDI1;SQLE;MSMO1;DHCR7;TM7SF2
Reactome_2022,Metabolism Of Lipids R-HSA-556833,20/732,4.796818751485658e-05,0.0057657761392857,0,0,2.9787765293383277,29.623850748002805,GLTP;IDI1;KRTAP11-1;ACADVL;DGAT2;HPGD;GDPD3;RORA;DBI;MSMO1;GRHL1;TM7SF2;SQLE;ALDH3B2;SGPL1;ORMDL2;CSNK2B;PLBD1;SPTSSB;DHCR7
Reactome_2022,Neutrophil Degranulation R-HSA-6798695,15/468,7.762929682200843e-05,0.0077758678983378,0,0,3.462860211204582,32.77100499972867,CALML5;PSMD14;DYNLL1;VAMP8;FLG2;PSMB7;HEBP2;PSMC3;CREG1;CSNK2B;RAB18;GOLGA7;HMOX2;CTSB;S100A7
Reactome_2022,Metabolism R-HSA-1430728,38/2049,0.000130818522141989,0.011231704543905,0,0,2.074951961741287,18.55359696525586,GLTP;IDI1;ACADVL;HPGD;PSMD14;GDPD3;RORA;DBI;MSMO1;ADIPOR1;TM7SF2;PSMD8;PSMB7;ALDH3B2;SGPL1;PPP2R1B;ORMDL2;SPTSSB;HMOX2;KRTAP11-1;LYPLA1;DGAT2;GGT6;TSTD1;TALDO1;GRHL1;SULT2B1;GGCT;SQLE;HAL;PSMC3;MTHFD2L;CSNK2B;PGP;PLBD1;DHCR7;SERINC2;MMADHC
Reactome_2022,Macroautophagy R-HSA-1632852,7/114,0.00015016516549446412,0.0112811580577716,0,0,6.67526996271367,58.767573256253904,GABARAPL2;MAP1LC3A;CSNK2B;CHMP4C;WIPI2;DYNLL1;TOMM5
Reactome_2022,PCP/CE Pathway R-HSA-4086400,6/88,0.00025447783068659283,0.016761219091984,0,0,7.437012823736483,61.55092569534927,PSMD8;PSMB7;PSMD14;PSMC3;CLTB;RORA
Reactome_2022,Innate Immune System R-HSA-168249,23/1035,0.00028593077324467786,0.016761219091984,0,0,2.412429378531073,19.68484674334029,ATP6V1G1;CALML5;PSMD14;CTSV;HOXC13;DYNLL1;ATOX1;PSMD8;VAMP8;FLG2;PSMB7;HEBP2;CDC34;PSMC3;PPP2R1B;CREG1;CSNK2B;RAB18;GOLGA7;HMOX2;ATP6V1C2;CTSB;S100A7
Reactome_2022,Autophagy R-HSA-9612973,7/128,0.0003067777204855656,0.016761219091984,0,0,5.898728214790391,47.71709598685676,GABARAPL2;MAP1LC3A;CSNK2B;CHMP4C;WIPI2;DYNLL1;TOMM5
Reactome_2022,PIP3 Activates AKT Signaling R-HSA-1257604,10/268,0.000381638168212173,0.019113711591293,0,0,3.9865361077111374,31.378175605013187,PSMD8;BTC;PSMB7;PSMC3;PSMD14;PPP2R1B;CSNK2B;RPS6KB2;HOXC13;FGF22
Reactome_2022,Cellular Response To Chemical Stress R-HSA-9711123,8/182,0.0005041579575838623,0.0217660661676343,0,0,4.699712643678161,35.68313658850108,PSMD8;PSMB7;PSMD14;PSMC3;CSNK2B;TALDO1;HMOX2;ATOX1
Reactome_2022,KEAP1-NFE2L2 Pathway R-HSA-9755511,6/100,0.0005070298275322483,0.0217660661676343,0,0,6.483658697082694,49.19113421381613,PSMD8;PSMB7;PSMD14;PSMC3;CSNK2B;TALDO1
Reactome_2022,Regulation Of PTEN Stability And Activity R-HSA-8948751,5/67,0.0005556717726770651,0.0222639156919277,0,0,8.16294458229942,61.18398606775132,PSMD8;PSMB7;PSMD14;PSMC3;CSNK2B
Reactome_2022,Antigen processing-Cross Presentation R-HSA-1236975,6/104,0.0006244951835763466,0.0234576003330865,0,0,6.217757205975174,45.87813776640311,PSMD8;VAMP8;PSMB7;PSMD14;PSMC3;CTSV
Reactome_2022,Signaling By WNT R-HSA-195721,10/294,0.0007825781456104102,0.0257886145040084,0,0,3.616753150481838,25.87033427728741,PSMD8;PSMB7;H2AJ;PSMC3;PSMD14;PPP2R1B;CSNK2B;CTNNBIP1;CLTB;RORA
Reactome_2022,Activation Of Gene Expression By SREBF (SREBP) R-HSA-2426168,4/42,0.0008067730463282587,0.0257886145040084,0,0,10.613319011815252,75.59302673955138,IDI1;SQLE;DHCR7;TM7SF2
Reactome_2022,Cellular Response To Hypoxia R-HSA-1234174,5/73,0.0008234685243405408,0.0257886145040084,0,0,7.440422322775264,52.84176944790253,PSMD8;PSMB7;PSMD14;PSMC3;CITED2
Reactome_2022,TCF Dependent Signaling In Response To WNT R-HSA-201681,8/198,0.0008752980307155823,0.0257886145040084,0,0,4.300438596491228,30.27915646345605,PSMD8;PSMB7;H2AJ;PPP2R1B;PSMC3;PSMD14;CSNK2B;CTNNBIP1
Reactome_2022,Sphingolipid De Novo Biosynthesis R-HSA-1660661,4/44,0.0009633623018811156,0.0257886145040084,0,0,10.081632653061224,70.017755335544,ALDH3B2;SGPL1;ORMDL2;SPTSSB
Reactome_2022,Intracellular Signaling By Second Messengers R-HSA-9006925,10/306,0.0010599539749906,0.0257886145040084,0,0,3.467994310099573,23.754130344198977,PSMD8;BTC;PSMB7;PSMC3;PSMD14;PPP2R1B;CSNK2B;RPS6KB2;HOXC13;FGF22
Reactome_2022,Transcriptional Regulation By RUNX1 R-HSA-8878171,8/204,0.0010610547189345,0.0257886145040084,0,0,4.167517006802721,28.54120624622918,PSMD8;PSMB7;H2AJ;SERPINB13;PSMC3;PSMD14;CSNK2B;CTSV
Reactome_2022,FCERI Mediated NF-kB Activation R-HSA-2871837,5/78,0.001111774407674,0.0257886145040084,0,0,6.929048120828943,47.12998547368564,PSMD8;PSMB7;CDC34;PSMD14;PSMC3
Reactome_2022,Nuclear Events Mediated By NFE2L2 R-HSA-9759194,5/78,0.001111774407674,0.0257886145040084,0,0,6.929048120828943,47.12998547368564,PSMD8;PSMB7;PSMD14;PSMC3;TALDO1
Reactome_2022,Cross-presentation Of Soluble Exogenous Antigens (Endosomes) R-HSA-1236978,4/48,0.0013385699216315,0.0257886145040084,0,0,9.16326530612245,60.625569437732594,PSMD8;PSMB7;PSMD14;PSMC3
Reactome_2022,Regulation Of Activated PAK-2p34 By Proteasome Mediated Degradation R-HSA-211733,4/49,0.0014462766378052,0.0257886145040084,0,0,8.959183673469388,58.58197746978076,PSMD8;PSMB7;PSMD14;PSMC3
Reactome_2022,Degradation Of Beta-Catenin By Destruction Complex R-HSA-195253,5/84,0.0015493286238675,0.0257886145040084,0,0,6.40084388185654,41.41303482134472,PSMD8;PSMB7;PPP2R1B;PSMD14;PSMC3
Reactome_2022,Regulation Of Ornithine Decarboxylase (ODC) R-HSA-350562,4/50,0.0015598806233641,0.0257886145040084,0,0,8.763975155279503,56.64285082988862,PSMD8;PSMB7;PSMD14;PSMC3
Reactome_2022,Separation Of Sister Chromatids R-HSA-2467813,7/170,0.0016417160119961,0.0257886145040084,0,0,4.369465017959884,28.017067526816344,PSMD8;CENPT;PSMB7;PPP2R1B;PSMD14;PSMC3;DYNLL1
Reactome_2022,RAF/MAP Kinase Cascade R-HSA-5673001,9/271,0.0016769898560306,0.0257886145040084,0,0,3.5138883337996085,22.456398894152148,PSMD8;BTC;PSMB7;LYPLA1;PSMC3;PSMD14;PPP2R1B;GOLGA7;FGF22
Reactome_2022,Autodegradation Of E3 Ubiquitin Ligase COP1 R-HSA-349425,4/51,0.0016795486223,0.0257886145040084,0,0,8.577073382544507,54.80089627367308,PSMD8;PSMB7;PSMD14;PSMC3
Reactome_2022,GSK3B And BTRC:CUL1-mediated-degradation Of NFE2L2 R-HSA-9762114,4/51,0.0016795486223,0.0257886145040084,0,0,8.577073382544507,54.80089627367308,PSMD8;PSMB7;PSMD14;PSMC3
Reactome_2022,Ubiquitin Mediated Degradation Of Phosphorylated Cdc25A R-HSA-69601,4/51,0.0016795486223,0.0257886145040084,0,0,8.577073382544507,54.80089627367308,PSMD8;PSMB7;PSMD14;PSMC3
Reactome_2022,Ubiquitin-dependent Degradation Of Cyclin D R-HSA-75815,4/51,0.0016795486223,0.0257886145040084,0,0,8.577073382544507,54.80089627367308,PSMD8;PSMB7;PSMD14;PSMC3
Reactome_2022,Vpu Mediated Degradation Of CD4 R-HSA-180534,4/51,0.0016795486223,0.0257886145040084,0,0,8.577073382544507,54.80089627367308,PSMD8;PSMB7;PSMD14;PSMC3
Reactome_2022,Regulation Of Apoptosis R-HSA-169911,4/52,0.0018054466882107,0.0257886145040084,0,0,8.39795918367347,53.04946512994202,PSMD8;PSMB7;PSMD14;PSMC3
Reactome_2022,Gap Junction Trafficking R-HSA-190828,3/25,0.0019263332020576,0.0257886145040084,0,0,13.690355329949238,85.59397680666795,GJB2;GJB3;CLTB
Reactome_2022,Vif-mediated Degradation Of APOBEC3G R-HSA-180585,4/53,0.001937740092534,0.0257886145040084,0,0,8.226155768429821,51.382484683548725,PSMD8;PSMB7;PSMD14;PSMC3
Reactome_2022,Negative Regulation Of NOTCH4 Signaling R-HSA-9604323,4/53,0.001937740092534,0.0257886145040084,0,0,8.226155768429821,51.382484683548725,PSMD8;PSMB7;PSMD14;PSMC3
Reactome_2022,MAPK1/MAPK3 Signaling R-HSA-5684996,9/277,0.0019465682665949,0.0257886145040084,0,0,3.4341642572477924,21.43497949950035,PSMD8;BTC;PSMB7;LYPLA1;PSMC3;PSMD14;PPP2R1B;GOLGA7;FGF22
Reactome_2022,ER-Phagosome Pathway R-HSA-1236974,5/89,0.0020011939426603,0.0257886145040084,0,0,6.018315018315018,37.39787756211575,PSMD8;VAMP8;PSMB7;PSMD14;PSMC3
Reactome_2022,Sphingolipid Metabolism R-HSA-428157,5/89,0.0020011939426603,0.0257886145040084,0,0,6.018315018315018,37.39787756211575,GLTP;ALDH3B2;SGPL1;ORMDL2;SPTSSB
Reactome_2022,AUF1 (hnRNP D0) Binds And Destabilizes mRNA R-HSA-450408,4/54,0.0020765932331265,0.0257886145040084,0,0,8.061224489795919,49.79439807569174,PSMD8;PSMB7;PSMD14;PSMC3
Reactome_2022,Regulation Of RUNX3 Expression And Activity R-HSA-8941858,4/54,0.0020765932331265,0.0257886145040084,0,0,8.061224489795919,49.79439807569174,PSMD8;PSMB7;PSMD14;PSMC3
Reactome_2022,SCF-beta-TrCP Mediated Degradation Of Emi1 R-HSA-174113,4/54,0.0020765932331265,0.0257886145040084,0,0,8.061224489795919,49.79439807569174,PSMD8;PSMB7;PSMD14;PSMC3
Reactome_2022,Degradation Of AXIN R-HSA-4641257,4/54,0.0020765932331265,0.0257886145040084,0,0,8.061224489795919,49.79439807569174,PSMD8;PSMB7;PSMD14;PSMC3
Reactome_2022,FBXL7 Down-Regulates AURKA During Mitotic Entry And In Early Mitosis R-HSA-8854050,4/54,0.0020765932331265,0.0257886145040084,0,0,8.061224489795919,49.79439807569174,PSMD8;PSMB7;PSMD14;PSMC3
Reactome_2022,Regulation Of Cholesterol Biosynthesis By SREBP (SREBF) R-HSA-1655829,4/55,0.0022221695468688,0.0257886145040084,0,0,7.902761104441777,48.28011150302565,IDI1;SQLE;DHCR7;TM7SF2
Reactome_2022,Degradation Of DVL R-HSA-4641258,4/55,0.0022221695468688,0.0257886145040084,0,0,7.902761104441777,48.28011150302565,PSMD8;PSMB7;PSMD14;PSMC3
Reactome_2022,Hh Mutants Are Degraded By ERAD R-HSA-5362768,4/55,0.0022221695468688,0.0257886145040084,0,0,7.902761104441777,48.28011150302565,PSMD8;PSMB7;PSMD14;PSMC3
Reactome_2022,Stabilization Of P53 R-HSA-69541,4/56,0.0023746314270888,0.0257886145040084,0,0,7.750392464678179,46.83494770645078,PSMD8;PSMB7;PSMD14;PSMC3
Reactome_2022,Mitotic Anaphase R-HSA-68882,8/232,0.0023852070536615,0.0257886145040084,0,0,3.641369047619048,21.988295362262978,PSMD8;CENPT;PSMB7;PSMC3;PSMD14;PPP2R1B;CHMP4C;DYNLL1
Reactome_2022,Gap Junction Trafficking And Regulation R-HSA-157858,3/27,0.0024141059150854,0.0257886145040084,0,0,12.548223350253808,75.62094298941223,GJB2;GJB3;CLTB
Reactome_2022,Mitotic Metaphase And Anaphase R-HSA-2555396,8/233,0.0024493267780889,0.0257886145040084,0,0,3.625,21.79329002781689,PSMD8;CENPT;PSMB7;PSMC3;PSMD14;PPP2R1B;CHMP4C;DYNLL1
Reactome_2022,Downstream TCR Signaling R-HSA-202424,5/94,0.0025425254704657,0.0257886145040084,0,0,5.678766925957937,33.928346180368806,PSMD8;PSMB7;CDC34;PSMD14;PSMC3
Reactome_2022,UCH Proteinases R-HSA-5689603,5/95,0.0026623763793661,0.0257886145040084,0,0,5.615384615384615,33.29101085304574,PSMD8;PSMB7;PSMD14;PSMC3;UCHL3
Reactome_2022,RUNX1 Regulates Transcription Of Genes Involved In Differentiation Of Keratinocytes R-HSA-8939242,2/8,0.0026777674677022,0.0257886145040084,0,0,33.323232323232325,197.36590289038227,SERPINB13;CTSV
Reactome_2022,Mitophagy R-HSA-5205647,3/28,0.0026840467141937,0.0257886145040084,0,0,12.045685279187817,71.31563234569973,MAP1LC3A;CSNK2B;TOMM5
Reactome_2022,Hh Mutants Abrogate Ligand Secretion R-HSA-5387390,4/58,0.0027008557557807,0.0257886145040084,0,0,7.462585034013605,44.13512048118966,PSMD8;PSMB7;PSMD14;PSMC3
Reactome_2022,Metabolism Of Polyamines R-HSA-351202,4/58,0.0027008557557807,0.0257886145040084,0,0,7.462585034013605,44.13512048118966,PSMD8;PSMB7;PSMD14;PSMC3
Reactome_2022,NIK To Noncanonical NF-kB Signaling R-HSA-5676590,4/58,0.0027008557557807,0.0257886145040084,0,0,7.462585034013605,44.13512048118966,PSMD8;PSMB7;PSMD14;PSMC3
Reactome_2022,SCF(Skp2)-mediated Degradation Of P27/P21 R-HSA-187577,4/59,0.0028749370578511,0.0257886145040084,0,0,7.326530612244898,42.87283866824234,PSMD8;PSMB7;PSMD14;PSMC3
Reactome_2022,Degradation Of GLI1 By Proteasome R-HSA-5610780,4/59,0.0028749370578511,0.0257886145040084,0,0,7.326530612244898,42.87283866824234,PSMD8;PSMB7;PSMD14;PSMC3
Reactome_2022,Degradation Of GLI2 By Proteasome R-HSA-5610783,4/59,0.0028749370578511,0.0257886145040084,0,0,7.326530612244898,42.87283866824234,PSMD8;PSMB7;PSMD14;PSMC3
Reactome_2022,GLI3 Is Processed To GLI3R By Proteasome R-HSA-5610785,4/59,0.0028749370578511,0.0257886145040084,0,0,7.326530612244898,42.87283866824234,PSMD8;PSMB7;PSMD14;PSMC3
Reactome_2022,Role Of GTSE1 In G2/M Progression After G2 Checkpoint R-HSA-8852276,4/59,0.0028749370578511,0.0257886145040084,0,0,7.326530612244898,42.87283866824234,PSMD8;PSMB7;PSMD14;PSMC3
Reactome_2022,RUNX1 Regulates Transcription Of Genes Involved In Differentiation Of HSCs R-HSA-8939236,5/98,0.003046494595945,0.0260955378332993,0,0,5.433416046319272,31.47992845042133,PSMD8;PSMB7;H2AJ;PSMD14;PSMC3
Reactome_2022,Cellular Responses To Stimuli R-HSA-8953897,16/736,0.0030509207398161,0.0260955378332993,0,0,2.3043478260869565,13.347501224204024,ATP6V1G1;ACADVL;PSMD14;CITED2;TALDO1;RORA;DYNLL1;MT4;ATOX1;PSMD8;PSMB7;H2AJ;PSMC3;CSNK2B;HMOX2;ATP6V1C2
Reactome_2022,Defective CFTR Causes Cystic Fibrosis R-HSA-5678895,4/60,0.0030565414874588,0.0260955378332993,0,0,7.19533527696793,41.66438194796197,PSMD8;PSMB7;PSMD14;PSMC3
Reactome_2022,Beta-catenin Independent WNT Signaling R-HSA-3858494,6/142,0.0030828339204064,0.0260955378332993,0,0,4.471801091570649,25.855533566652312,PSMD8;PSMB7;PSMD14;PSMC3;CLTB;RORA
Reactome_2022,CLEC7A (Dectin-1) Signaling R-HSA-5607764,5/99,0.0031829814394319,0.0263613630321282,0,0,5.375340971085652,30.90787173221737,PSMD8;PSMB7;CDC34;PSMD14;PSMC3
Reactome_2022,Dectin-1 Mediated Noncanonical NF-kB Signaling R-HSA-5607761,4/61,0.0032458250655199,0.0263613630321282,0,0,7.0687432867884,40.50662547348915,PSMD8;PSMB7;PSMD14;PSMC3
Reactome_2022,Selective Autophagy R-HSA-9663891,4/61,0.0032458250655199,0.0263613630321282,0,0,7.0687432867884,40.50662547348915,MAP1LC3A;CSNK2B;DYNLL1;TOMM5
Reactome_2022,Asymmetric Localization Of PCP Proteins R-HSA-4608870,4/62,0.0034429423303528,0.0275894445405606,0,0,6.946516537649543,39.39667426105362,PSMD8;PSMB7;PSMD14;PSMC3
Reactome_2022,Autodegradation Of Cdh1 By Cdh1:APC/C R-HSA-174084,4/63,0.0036480462723588,0.0288483659169432,0,0,6.828433068142512,38.33184278744158,PSMD8;PSMB7;PSMD14;PSMC3
Reactome_2022,Oxygen-dependent Proline Hydroxylation Of Hypoxia-inducible Factor Alpha R-HSA-1234176,4/64,0.0038612882755342,0.02975172119995,0,0,6.714285714285714,37.30963669275872,PSMD8;PSMB7;PSMD14;PSMC3
Reactome_2022,Hedgehog Ligand Biogenesis R-HSA-5358346,4/64,0.0038612882755342,0.02975172119995,0,0,6.714285714285714,37.30963669275872,PSMD8;PSMB7;PSMD14;PSMC3
Reactome_2022,Regulation Of RAS By GAPs R-HSA-5658442,4/65,0.0040828180576182,0.0306721706578572,0,0,6.603880896620943,36.32773635617284,PSMD8;PSMB7;PSMD14;PSMC3
Reactome_2022,p53-Dependent G1 DNA Damage Response R-HSA-69563,4/65,0.0040828180576182,0.0306721706578572,0,0,6.603880896620943,36.32773635617284,PSMD8;PSMB7;PSMD14;PSMC3
Reactome_2022,Receptor Mediated Mitophagy R-HSA-8934903,2/10,0.0042472321345398,0.0312287102650195,0,0,24.98989898989899,136.4820277236255,MAP1LC3A;CSNK2B
Reactome_2022,Interleukin-1 Family Signaling R-HSA-446652,6/152,0.0043042453861882,0.0312287102650195,0,0,4.163395000706115,22.682814812779835,PSMD8;PSMB7;PSMD14;PSMC3;IL37;HOXC13
Reactome_2022,Activation Of NF-kappaB In B Cells R-HSA-1169091,4/66,0.004312783613971,0.0312287102650195,0,0,6.497037524687294,35.3839821166775,PSMD8;PSMB7;PSMD14;PSMC3
Reactome_2022,APC/C:Cdc20 Mediated Degradation Of Securin R-HSA-174154,4/67,0.0045513311689118,0.0321805886178353,0,0,6.393586005830904,34.476360946346375,PSMD8;PSMB7;PSMD14;PSMC3
Reactome_2022,G1/S DNA Damage Checkpoints R-HSA-69615,4/67,0.0045513311689118,0.0321805886178353,0,0,6.393586005830904,34.476360946346375,PSMD8;PSMB7;PSMD14;PSMC3
Reactome_2022,MAPK Family Signaling Cascades R-HSA-5683057,9/318,0.0048451379952325,0.0338596271527294,0,0,2.9722462257916944,15.841417157902807,PSMD8;BTC;PSMB7;LYPLA1;PSMC3;PSMD14;PPP2R1B;GOLGA7;FGF22
Reactome_2022,Assembly Of Pre-Replicative Complex R-HSA-68867,5/110,0.0049886615032986,0.034165602017747,0,0,4.809523809523809,25.49330246391608,PSMD8;PSMB7;H2AJ;PSMD14;PSMC3
Reactome_2022,Orc1 Removal From Chromatin R-HSA-68949,4/69,0.0050547479900121,0.034165602017747,0,0,6.196232339089482,32.76212791134876,PSMD8;PSMB7;PSMD14;PSMC3
Reactome_2022,M Phase R-HSA-68886,10/380,0.005059465190648,0.034165602017747,0,0,2.7638691322901847,14.611178952245409,PSMD8;CENPT;PSMB7;H2AJ;PSMC3;PSMD14;PPP2R1B;CSNK2B;CHMP4C;DYNLL1
Reactome_2022,"WNT5A-dependent Internalization Of FZD2, FZD5 And ROR2 R-HSA-5140745",2/11,0.0051570205394645,0.0344374371579801,0,0,22.21212121212121,117.00004466783103,CLTB;RORA
Reactome_2022,trans-Golgi Network Vesicle Budding R-HSA-199992,4/71,0.0055942009572442,0.0369463162121296,0,0,6.0106609808102345,31.17143667727425,VAMP8;HOMER2;CLTB;HIP1R
Reactome_2022,Interleukin-1 Signaling R-HSA-9020702,5/114,0.005795880075899,0.0370845727248904,0,0,4.632086567866384,23.85806188105049,PSMD8;PSMB7;PSMD14;PSMC3;HOXC13
Reactome_2022,CDK-mediated Phosphorylation And Removal Of Cdc6 R-HSA-69017,4/72,0.005877786338127,0.0370845727248904,0,0,5.921968787515006,30.41863718634327,PSMD8;PSMB7;PSMD14;PSMC3
Reactome_2022,Cdc20:Phospho-APC/C Mediated Degradation Of Cyclin A R-HSA-174184,4/72,0.005877786338127,0.0370845727248904,0,0,5.921968787515006,30.41863718634327,PSMD8;PSMB7;PSMD14;PSMC3
Reactome_2022,Regulation Of RUNX2 Expression And Activity R-HSA-8939902,4/72,0.005877786338127,0.0370845727248904,0,0,5.921968787515006,30.41863718634327,PSMD8;PSMB7;PSMD14;PSMC3
Reactome_2022,Activation Of TFAP2 (AP-2) Family Of Transcription Factors R-HSA-8866907,2/12,0.0061478754316609,0.0370845727248904,0,0,19.98989898989899,101.78154350719132,CITED2;CITED4
Reactome_2022,Glutathione Synthesis And Recycling R-HSA-174403,2/12,0.0061478754316609,0.0370845727248904,0,0,19.98989898989899,101.78154350719132,GGCT;GGT6
Reactome_2022,Cellular Responses To Stress R-HSA-2262752,15/722,0.0061497037017666,0.0370845727248904,0,0,2.189647922321189,11.148266964233734,ATP6V1G1;ACADVL;PSMD14;CITED2;TALDO1;RORA;DYNLL1;ATOX1;PSMD8;PSMB7;H2AJ;PSMC3;CSNK2B;HMOX2;ATP6V1C2
Reactome_2022,APC/C:Cdh1 Mediated Degradation Of Cdc20 And APC/C:Cdh1 Targets In Late Mitosis/Early G1 R-HSA-174178,4/73,0.0061707911267906,0.0370845727248904,0,0,5.835847382431234,29.692372629986004,PSMD8;PSMB7;PSMD14;PSMC3
Reactome_2022,APC:Cdc20 Mediated Degradation Of Cell Cycle Proteins Before Cycle Checkpoint Satisfied R-HSA-179419,4/73,0.0061707911267906,0.0370845727248904,0,0,5.835847382431234,29.692372629986004,PSMD8;PSMB7;PSMD14;PSMC3
Reactome_2022,TCR Signaling R-HSA-202403,5/116,0.0062321827707386,0.0370845727248904,0,0,4.548163548163548,23.095704770902916,PSMD8;PSMB7;CDC34;PSMD14;PSMC3
Reactome_2022,APC/C:Cdc20 Mediated Degradation Of Mitotic Proteins R-HSA-176409,4/75,0.0067855868807455,0.0399817423071381,0,0,5.670882437482035,28.314457943471623,PSMD8;PSMB7;PSMD14;PSMC3
Reactome_2022,Activation Of APC/C And APC/C:Cdc20 Mediated Degradation Of Mitotic Proteins R-HSA-176814,4/76,0.0071076364988025,0.0414727139396147,0,0,5.591836734693878,27.660498564595542,PSMD8;PSMB7;PSMD14;PSMC3
Reactome_2022,Trafficking And Processing Of Endosomal TLR R-HSA-1679131,2/13,0.0072181010363148,0.0417122954117811,0,0,18.171717171717173,89.6077061786221,CTSV;CTSB
Reactome_2022,Membrane Trafficking R-HSA-199991,13/599,0.0074265927600407,0.0421812573872591,0,0,2.279407201912723,11.175222573356924,GABARAPL2;HOMER2;SYTL1;HIP1R;CLTB;DYNLL1;RAB11A;BTC;VAMP8;GJB2;GJB3;CHMP4C;RAB18
Reactome_2022,ABC Transporter Disorders R-HSA-5619084,4/77,0.0074396227671372,0.0421812573872591,0,0,5.514956667598546,27.02844489893672,PSMD8;PSMB7;PSMD14;PSMC3
Reactome_2022,Downstream Signaling Events Of B Cell Receptor (BCR) R-HSA-1168372,4/79,0.0081338984677975,0.0456866633565078,0,0,5.36734693877551,25.826143528716216,PSMD8;PSMB7;PSMD14;PSMC3
Reactome_2022,Regulation Of APC/C Activators Between G1/S And Early Anaphase R-HSA-176408,4/80,0.0084964288884178,0.0472810533512881,0,0,5.296455424274973,25.254078548459987,PSMD8;PSMB7;PSMD14;PSMC3
Reactome_2022,Signaling By NOTCH4 R-HSA-9013694,4/81,0.0088693778840417,0.048903634021184,0,0,5.227405247813411,24.700277159233604,PSMD8;PSMB7;PSMD14;PSMC3
Reactome_2022,DNA Replication Pre-Initiation R-HSA-69002,5/127,0.0090510639155303,0.0494517219384886,0,0,4.135771332492644,19.45827874594664,PSMD8;PSMB7;H2AJ;PSMD14;PSMC3
Reactome_2022,Cyclin E Associated Events During G1/S Transition R-HSA-69202,4/82,0.0092528602217495,0.0500988197592025,0,0,5.160125588697017,24.16395252997982,PSMD8;PSMB7;PSMD14;PSMC3
Reactome_2022,G1/S Transition R-HSA-69206,5/129,0.009644413789602,0.0513480529144205,0,0,4.0686517783291976,18.8841443972766,PSMD8;PSMB7;PPP2R1B;PSMD14;PSMC3
Reactome_2022,TP53 Regulates Transcription Of Cell Death Genes R-HSA-5633008,3/44,0.0096544592002155,0.0513480529144205,0,0,7.338987247740498,34.05536215760635,BNIP3L;PRELID1;PERP
Reactome_2022,Fc Epsilon Receptor (FCERI) Signaling R-HSA-2454202,5/130,0.0099508954614366,0.052343865552831,0,0,4.035897435897436,18.60586145140937,PSMD8;PSMB7;CDC34;PSMD14;PSMC3
Reactome_2022,Cyclin A:Cdk2-associated Events At S Phase Entry R-HSA-69656,4/84,0.010051872319132,0.052343865552831,0,0,5.030612244897959,23.14079802223381,PSMD8;PSMB7;PSMD14;PSMC3
Reactome_2022,G2/M Transition R-HSA-69275,6/182,0.0101029757140239,0.052343865552831,0,0,3.448453608247423,15.845386638605929,PSMD8;PSMB7;PPP2R1B;PSMD14;PSMC3;DYNLL1
Reactome_2022,TBC/RABGAPs R-HSA-8854214,3/45,0.0102691253206439,0.0527499514333932,0,0,7.163886874546773,32.800668633723014,GABARAPL2;SYTL1;RAB11A
Reactome_2022,Hedgehog On State R-HSA-5632684,4/85,0.0104676198849292,0.0533138944986648,0,0,4.968253968253968,22.65259800022629,PSMD8;PSMB7;PSMD14;PSMC3
Reactome_2022,Mitotic G2-G2/M Phases R-HSA-453274,6/184,0.0106237470488794,0.0536543863561055,0,0,3.4093594347272096,15.494391367532057,PSMD8;PSMB7;PPP2R1B;PSMD14;PSMC3;DYNLL1
Reactome_2022,Gap Junction Assembly R-HSA-190861,2/16,0.0108884250018907,0.0545328618844695,0,0,14.275613275613276,64.52655688502057,GJB2;GJB3
Reactome_2022,APC/C-mediated Degradation Of Cell Cycle Proteins R-HSA-174143,4/87,0.0113321247206512,0.0562860079100115,0,0,4.848045242193263,21.71979386421627,PSMD8;PSMB7;PSMD14;PSMC3
Reactome_2022,Regulation Of mRNA Stability By Proteins That Bind AU-rich Elements R-HSA-450531,4/88,0.0117810854608779,0.0580363308359643,0,0,4.790087463556851,21.274023659747563,PSMD8;PSMB7;PSMD14;PSMC3
Reactome_2022,Vesicle-mediated Transport R-HSA-5653656,13/637,0.012002958495645,0.058648602080347,0,0,2.136363636363636,9.448286343591116,GABARAPL2;HOMER2;SYTL1;HIP1R;CLTB;DYNLL1;RAB11A;BTC;VAMP8;GJB2;GJB3;CHMP4C;RAB18
Reactome_2022,Switching Of Origins To A Post-Replicative State R-HSA-69052,4/90,0.0127129141043288,0.061123691013613,0,0,4.678215472235406,20.421051187786546,PSMD8;PSMB7;PSMD14;PSMC3
Reactome_2022,MAPK6/MAPK4 Signaling R-HSA-5687128,4/90,0.0127129141043288,0.061123691013613,0,0,4.678215472235406,20.421051187786546,PSMD8;PSMB7;PSMD14;PSMC3
Reactome_2022,PTEN Regulation R-HSA-6807070,5/139,0.013015147785499,0.0620801890403564,0,0,3.7631075392269424,16.33806343072104,PSMD8;PSMB7;PSMD14;PSMC3;CSNK2B
Reactome_2022,C-type Lectin Receptors (CLRs) R-HSA-5621481,5/141,0.0137736295265524,0.065180719255575,0,0,3.7073906485671193,15.886166774367446,PSMD8;PSMB7;CDC34;PSMD14;PSMC3
Reactome_2022,Class I MHC Mediated Antigen Processing And Presentation R-HSA-983169,9/378,0.0140953686091141,0.0661821604224814,0,0,2.481292299833993,10.575041991722108,PSMD8;VAMP8;PSMB7;CDC34;PSMC3;PSMD14;GAN;BLMH;CTSV
Reactome_2022,RAS Processing R-HSA-9648002,2/19,0.0152144484017713,0.0704768243124493,0,0,11.754604872251932,49.19901329869125,LYPLA1;GOLGA7
Reactome_2022,Transcriptional Regulation By RUNX3 R-HSA-8878159,4/95,0.0152445709827261,0.0704768243124493,0,0,4.4200493384166855,18.491417143603503,PSMD8;PSMB7;PSMD14;PSMC3
Reactome_2022,Adaptive Immune System R-HSA-1280218,14/733,0.0157970792165971,0.0724736229708007,0,0,1.9975025049725572,8.28550099640583,PSMD14;CTSV;HOXC13;DYNLL1;PPL;PSMD8;VAMP8;PSMB7;CDC34;PSMC3;PPP2R1B;GAN;BLMH;CTSB
Reactome_2022,Mitotic G1 Phase And G1/S Transition R-HSA-453279,5/147,0.0162263133118003,0.0738788962150908,0,0,3.549656915854099,14.628565928322413,PSMD8;PSMB7;PPP2R1B;PSMD14;PSMC3
Reactome_2022,TP53 Regulates Transcription Of Genes Involved In Cytochrome C Release R-HSA-6803204,2/20,0.0167948882548689,0.0758226426941885,0,0,11.1010101010101,45.36628383483138,BNIP3L;PRELID1
Reactome_2022,Hedgehog Off State R-HSA-5610787,4/98,0.0169055476223315,0.0758226426941885,0,0,4.278332609639601,17.456082420924414,PSMD8;PSMB7;PSMD14;PSMC3
Reactome_2022,Golgi Associated Vesicle Biogenesis R-HSA-432722,3/55,0.0176580617409628,0.0786110748616199,0,0,5.783287778211636,23.34460456181631,VAMP8;HOMER2;HIP1R
Reactome_2022,TNFR2 Non-Canonical NF-kB Pathway R-HSA-5668541,4/100,0.0180733221304631,0.0798681367677082,0,0,4.188775510204081,16.81088959163861,PSMD8;PSMB7;PSMD14;PSMC3
Reactome_2022,Programmed Cell Death R-HSA-5357801,6/208,0.0184319457812426,0.080858389887057,0,0,3.0006124323772583,11.983455660859397,PSMD8;PSMB7;PSMC3;PSMD14;CHMP4C;DYNLL1
Reactome_2022,Immune System R-HSA-168256,29/1943,0.0187583500570004,0.0816939737989655,0,0,1.5847953216374269,6.301330493608902,CALML5;PSMD14;RORA;CTSV;HOXC13;PPL;PSMD8;PSMB7;HEBP2;PPP2R1B;CREG1;GOLGA7;HMOX2;ATP6V1C2;CTSB;ATP6V1G1;IL37;TALDO1;DYNLL1;ATOX1;VAMP8;FLG2;CDC34;PSMC3;GAN;CSNK2B;RAB18;BLMH;S100A7
Reactome_2022,Metabolism Of Steroids R-HSA-8957322,5/153,0.018954053076025,0.0819524165373457,0,0,3.404712404712405,13.502195618148978,IDI1;SQLE;MSMO1;DHCR7;TM7SF2
Reactome_2022,ABC-family Proteins Mediated Transport R-HSA-382556,4/102,0.0192901194103944,0.0828097268974789,0,0,4.102873802582257,16.19881151232085,PSMD8;PSMB7;PSMD14;PSMC3
Reactome_2022,Cell Cycle Checkpoints R-HSA-69620,7/271,0.0195307791850165,0.0832482148240777,0,0,2.683937823834197,10.563344893869004,PSMD8;CENPT;PSMB7;PSMC3;PSMD14;PPP2R1B;DYNLL1
Reactome_2022,DNA Replication R-HSA-69306,5/155,0.0199263415207939,0.0843361355915293,0,0,3.358974358974359,13.152778650631731,PSMD8;PSMB7;H2AJ;PSMD14;PSMC3
Reactome_2022,PINK1-PRKN Mediated Mitophagy R-HSA-5205685,2/22,0.0201543754357544,0.0847047527055135,0,0,9.98989898989899,39.00390099361183,MAP1LC3A;TOMM5
Reactome_2022,Iron Uptake And Transport R-HSA-917937,3/59,0.0212576490223405,0.0887211601557406,0,0,5.369108049311095,20.676641778420727,ATP6V1G1;HMOX2;ATP6V1C2
Reactome_2022,Deubiquitination R-HSA-5688426,7/279,0.0224734631643911,0.0931486300813729,0,0,2.603931728131667,9.88301476983952,PSMD8;OTUB2;PSMB7;PSMC3;PSMD14;IDE;UCHL3
Reactome_2022,Degradation Of Extracellular Matrix R-HSA-1474228,4/109,0.0239421048557141,0.097885748423702,0,0,3.82798833819242,14.28649905351405,CAPN12;CTSV;KLK7;CTSB
Reactome_2022,Signaling By B Cell Receptor (BCR) R-HSA-983705,4/109,0.0239421048557141,0.097885748423702,0,0,3.82798833819242,14.28649905351405,PSMD8;PSMB7;PSMD14;PSMC3
Reactome_2022,Peroxisomal Protein Import R-HSA-9033241,3/63,0.0252288983054118,0.1024497829834629,0,0,5.01015228426396,18.43618393885774,KRTAP11-1;ZFAND6;IDE
Reactome_2022,Insulin Receptor Recycling R-HSA-77387,2/26,0.0276271829006745,0.1114358182772173,0,0,8.323232323232324,29.871707121892776,ATP6V1G1;ATP6V1C2
Reactome_2022,Synthesis Of DNA R-HSA-69239,4/119,0.0316752226302636,0.1260715814621753,0,0,3.4933451641526174,12.059797873871938,PSMD8;PSMB7;PSMD14;PSMC3
Reactome_2022,Transcriptional Regulation By RUNX2 R-HSA-8878166,4/119,0.0316752226302636,0.1260715814621753,0,0,3.4933451641526174,12.059797873871938,PSMD8;PSMB7;PSMD14;PSMC3
Reactome_2022,Neddylation R-HSA-8951664,6/237,0.0322281906616632,0.1274285696556555,0,0,2.620029455081001,8.999575130077547,PSMD8;PSMB7;PSMC3;PSMD14;GAN;UCHL3
Reactome_2022,Apoptosis R-HSA-109581,5/178,0.0335012350705195,0.1315963547541322,0,0,2.908996591077516,9.879455601323718,PSMD8;PSMB7;PSMD14;PSMC3;DYNLL1
Reactome_2022,Rab Regulation Of Trafficking R-HSA-9007101,4/122,0.0342493059193995,0.1336612523218124,0,0,3.4040124524386024,11.485440902215585,GABARAPL2;SYTL1;RAB18;RAB11A
Reactome_2022,Antigen Processing: Ubiquitination And Proteasome Degradation R-HSA-983168,7/307,0.0351635068548371,0.136343662062949,0,0,2.357512953367876,7.892355670540337,PSMD8;PSMB7;CDC34;PSMC3;PSMD14;GAN;BLMH
Reactome_2022,Synthesis Of Active Ubiquitin: Roles Of E1 And E2 Enzymes R-HSA-8866652,2/30,0.0360309884965366,0.1388116928616571,0,0,7.132756132756133,23.70482996930019,CDC34;UCHL3
Reactome_2022,"Cell Cycle, Mitotic R-HSA-69278",10/523,0.0380213468146495,0.1455466843032125,0,0,1.97876269621422,6.469777389270274,PSMD8;CENPT;PSMB7;H2AJ;PSMC3;PSMD14;PPP2R1B;CSNK2B;CHMP4C;DYNLL1
Reactome_2022,Transferrin Endocytosis And Recycling R-HSA-917977,2/31,0.0382674239788824,0.1455615304513185,0,0,6.886450714036921,22.47156498788087,ATP6V1G1;ATP6V1C2
Reactome_2022,Signaling By Interleukins R-HSA-449147,9/453,0.0389837632040055,0.1473537212931277,0,0,2.054195556813358,6.665063543461296,PSMD8;PSMB7;PSMC3;PSMD14;PPP2R1B;IL37;TALDO1;RORA;HOXC13
Reactome_2022,Host Interactions Of HIV Factors R-HSA-162909,4/130,0.0416931251530952,0.1566098013563142,0,0,3.186588921282799,10.125128273545416,PSMD8;PSMB7;PSMD14;PSMC3
Reactome_2022,Signaling By Insulin Receptor R-HSA-74752,3/77,0.0420316296186853,0.1569006795082601,0,0,4.059404582247222,12.865604326296657,ATP6V1G1;FGF22;ATP6V1C2
Reactome_2022,COPI-independent Golgi-to-ER Retrograde Traffic R-HSA-6811436,2/34,0.0452815731960364,0.1669584385939747,0,0,6.23989898989899,19.311583224616665,RAB18;DYNLL1
Reactome_2022,Lysosome Vesicle Biogenesis R-HSA-432720,2/34,0.0452815731960364,0.1669584385939747,0,0,6.23989898989899,19.311583224616665,VAMP8;CLTB
Reactome_2022,Signaling By Hedgehog R-HSA-5358351,4/135,0.0467746106682468,0.1714118354366851,0,0,3.064184452406917,9.383803603583353,PSMD8;PSMB7;PSMD14;PSMC3
Reactome_2022,Attachment And Entry R-HSA-9678110,1/5,0.049014519870416,0.1722674060942693,0,0,24.86934673366834,74.99696447567176,HOXC13
Reactome_2022,Biosynthesis Of E-series 18(S)-resolvins R-HSA-9018896,1/5,0.049014519870416,0.1722674060942693,0,0,24.86934673366834,74.99696447567176,HPGD
Reactome_2022,SARS-CoV-1 Genome Replication And Transcription R-HSA-9679514,1/5,0.049014519870416,0.1722674060942693,0,0,24.86934673366834,74.99696447567176,HOXC13
Reactome_2022,SARS-CoV-2 Genome Replication And Transcription R-HSA-9694682,1/5,0.049014519870416,0.1722674060942693,0,0,24.86934673366834,74.99696447567176,HOXC13
Reactome_2022,Signaling By MST1 R-HSA-8852405,1/5,0.049014519870416,0.1722674060942693,0,0,24.86934673366834,74.99696447567176,SPINT1
Reactome_2022,Extrinsic Pathway Of Fibrin Clot Formation R-HSA-140834,1/5,0.049014519870416,0.1722674060942693,0,0,24.86934673366834,74.99696447567176,FAM110A
Reactome_2022,Sulfide Oxidation To Sulfate R-HSA-1614517,1/5,0.049014519870416,0.1722674060942693,0,0,24.86934673366834,74.99696447567176,TSTD1
Reactome_2022,ROS And RNS Production In Phagocytes R-HSA-1222556,2/36,0.0501995008461569,0.1723994286202303,0,0,5.872251931075461,17.568310863627904,ATP6V1G1;ATP6V1C2
Reactome_2022,Glutathione Conjugation R-HSA-156590,2/36,0.0501995008461569,0.1723994286202303,0,0,5.872251931075461,17.568310863627904,GGCT;GGT6
Reactome_2022,Transcriptional Regulation By AP-2 (TFAP2) Family Of Transcription Factors R-HSA-8864260,2/36,0.0501995008461569,0.1723994286202303,0,0,5.872251931075461,17.568310863627904,CITED2;CITED4
Reactome_2022,Mitochondrial Fatty Acid Beta-Oxidation R-HSA-77289,2/36,0.0501995008461569,0.1723994286202303,0,0,5.872251931075461,17.568310863627904,ACADVL;DBI
Reactome_2022,Ub-specific Processing Proteases R-HSA-5689880,5/201,0.0517369040386998,0.1766697689048783,0,0,2.564625850340136,7.595354732826345,PSMD8;PSMB7;PSMC3;PSMD14;IDE
Reactome_2022,Early SARS-CoV-2 Infection Events R-HSA-9772572,2/37,0.0527274511453542,0.1790350177308355,0,0,5.704184704184704,16.785242657704043,CHMP4C;HOXC13
Reactome_2022,Signaling By NOTCH R-HSA-157118,5/203,0.0535501889977524,0.1808070988070179,0,0,2.5384615384615383,7.430422033839913,PSMD8;PSMB7;H2AJ;PSMC3;PSMD14
Reactome_2022,Clathrin-mediated Endocytosis R-HSA-8856828,4/142,0.0544414921275498,0.1827895908863546,0,0,2.907719609582964,8.463292126596956,BTC;VAMP8;CLTB;HIP1R
Reactome_2022,Alpha-oxidation Of Phytanate R-HSA-389599,1/6,0.0585267307609904,0.188099279076766,0,0,19.894472361809044,56.46591775214154,KRTAP11-1
Reactome_2022,Biosynthesis Of EPA-derived SPMs R-HSA-9018679,1/6,0.0585267307609904,0.188099279076766,0,0,19.894472361809044,56.46591775214154,HPGD
Reactome_2022,Cobalamin (Cbl) Metabolism R-HSA-9759218,1/6,0.0585267307609904,0.188099279076766,0,0,19.894472361809044,56.46591775214154,MMADHC
Reactome_2022,FGFR1b Ligand Binding And Activation R-HSA-190370,1/6,0.0585267307609904,0.188099279076766,0,0,19.894472361809044,56.46591775214154,FGF22
Reactome_2022,Synthesis Of Lipoxins (LX) R-HSA-2142700,1/6,0.0585267307609904,0.188099279076766,0,0,19.894472361809044,56.46591775214154,HPGD
Reactome_2022,WNT Mediated Activation Of DVL R-HSA-201688,1/6,0.0585267307609904,0.188099279076766,0,0,19.894472361809044,56.46591775214154,CSNK2B
Reactome_2022,MET Receptor Activation R-HSA-6806942,1/6,0.0585267307609904,0.188099279076766,0,0,19.894472361809044,56.46591775214154,SPINT1
Reactome_2022,Metal Sequestration By Antimicrobial Proteins R-HSA-6799990,1/6,0.0585267307609904,0.188099279076766,0,0,19.894472361809044,56.46591775214154,S100A7
Reactome_2022,G2/M Checkpoints R-HSA-69481,4/148,0.0615220279186882,0.1966741424421894,0,0,2.7857142857142856,7.767574259975069,PSMD8;PSMB7;PSMD14;PSMC3
Reactome_2022,Intraflagellar Transport R-HSA-5620924,2/41,0.0632725392250683,0.201199979228921,0,0,5.118104118104118,14.127522570834804,DYNLRB1;DYNLL1
Reactome_2022,Diseases Of Signal Transduction By Growth Factor Receptors And Second Messengers R-HSA-5663202,8/424,0.0636749381782363,0.2014138833953686,0,0,1.9415064102564104,5.34683920424457,PSMD8;BTC;PSMB7;PSMC3;PSMD14;PPP2R1B;RPS6KB2;FGF22
Reactome_2022,Unattached Kinetochores Signal Amplification Via A MAD2 Inhibitory Signal R-HSA-141444,3/93,0.0665382374289198,0.208339314295952,0,0,3.33502538071066,9.037847070802028,CENPT;PPP2R1B;DYNLL1
Reactome_2022,PP2A-mediated Dephosphorylation Of Key Metabolic Factors R-HSA-163767,1/7,0.0679442688885301,0.208339314295952,0,0,16.57788944723618,44.57906348265406,PPP2R1B
Reactome_2022,Acyl Chain Remodeling Of DAG And TAG R-HSA-1482883,1/7,0.0679442688885301,0.208339314295952,0,0,16.57788944723618,44.57906348265406,DGAT2
Reactome_2022,Defective Factor VIII Causes Hemophilia A R-HSA-9662001,1/7,0.0679442688885301,0.208339314295952,0,0,16.57788944723618,44.57906348265406,FAM110A
Reactome_2022,Glycerophospholipid Catabolism R-HSA-6814848,1/7,0.0679442688885301,0.208339314295952,0,0,16.57788944723618,44.57906348265406,GDPD3
Reactome_2022,Nectin/Necl Trans Heterodimerization R-HSA-420597,1/7,0.0679442688885301,0.208339314295952,0,0,16.57788944723618,44.57906348265406,NECTIN4
Reactome_2022,EML4 And NUDC In Mitotic Spindle Formation R-HSA-9648025,3/97,0.0734906143235922,0.2239467423535046,0,0,3.1924613889188898,8.33423196719981,CENPT;PPP2R1B;DYNLL1
Reactome_2022,Metabolism Of Amino Acids And Derivatives R-HSA-71291,7/364,0.0737794592113043,0.2239467423535046,0,0,1.975312404754648,5.148997297897,PSMD8;PSMB7;HAL;PSMC3;PSMD14;TSTD1;SERINC2
Reactome_2022,AMPK Inhibits chREBP Transcriptional Activity R-HSA-163680,1/8,0.0772680713380291,0.2287591668677611,0,0,14.208901651112706,36.38152974515558,ADIPOR1
Reactome_2022,Defective Factor IX Causes Hemophilia B R-HSA-9668250,1/8,0.0772680713380291,0.2287591668677611,0,0,14.208901651112706,36.38152974515558,FAM110A
Reactome_2022,Histidine Catabolism R-HSA-70921,1/8,0.0772680713380291,0.2287591668677611,0,0,14.208901651112706,36.38152974515558,HAL
Reactome_2022,Inhibition Of Signaling By Overexpressed EGFR R-HSA-5638303,1/8,0.0772680713380291,0.2287591668677611,0,0,14.208901651112706,36.38152974515558,BTC
Reactome_2022,Interleukin-18 Signaling R-HSA-9012546,1/8,0.0772680713380291,0.2287591668677611,0,0,14.208901651112706,36.38152974515558,IL37
Reactome_2022,S Phase R-HSA-69242,4/161,0.0784400401045827,0.2310905103081089,0,0,2.5533601975822178,6.499376070966086,PSMD8;PSMB7;PSMD14;PSMC3
Reactome_2022,Toll-like Receptor Cascades R-HSA-168898,4/162,0.0798287777328656,0.2340346117924499,0,0,2.5370705244122966,6.413387552426678,PPP2R1B;CTSV;HOXC13;CTSB
Reactome_2022,HIV Infection R-HSA-162906,5/229,0.0804416422845753,0.2346865388982028,0,0,2.240842490842491,5.647423452610774,PSMD8;PSMB7;PSMC3;PSMD14;CHMP4C
Reactome_2022,Protein Localization R-HSA-9609507,4/164,0.082642865247303,0.239943777843619,0,0,2.5051020408163267,6.245787503157516,KRTAP11-1;ZFAND6;IDE;TOMM5
Reactome_2022,Cargo Recognition For Clathrin-Mediated Endocytosis R-HSA-8856825,3/104,0.0863951479385647,0.2429249471982468,0,0,2.9701462532040006,7.273364724037877,BTC;VAMP8;CLTB
Reactome_2022,MHC Class II Antigen Presentation R-HSA-2132295,3/104,0.0863951479385647,0.2429249471982468,0,0,2.9701462532040006,7.273364724037877,CTSV;DYNLL1;CTSB
Reactome_2022,Serine Biosynthesis R-HSA-977347,1/9,0.0864990660572792,0.2429249471982468,0,0,12.4321608040201,30.429226090981548,SERINC2
Reactome_2022,EGFR Interacts With Phospholipase C-gamma R-HSA-212718,1/9,0.0864990660572792,0.2429249471982468,0,0,12.4321608040201,30.429226090981548,BTC
Reactome_2022,Formation Of Annular Gap Junctions R-HSA-196025,1/9,0.0864990660572792,0.2429249471982468,0,0,12.4321608040201,30.429226090981548,CLTB
Reactome_2022,Transport Of Gamma-Carboxylated Protein Precursors From Endoplasmic Reticulum To Golgi Apparatus R-HSA-159763,1/9,0.0864990660572792,0.2429249471982468,0,0,12.4321608040201,30.429226090981548,FAM110A
Reactome_2022,Hydrolysis Of LPC R-HSA-1483115,1/9,0.0864990660572792,0.2429249471982468,0,0,12.4321608040201,30.429226090981548,PLBD1
Reactome_2022,Regulation Of Expression Of SLITs And ROBOs R-HSA-9010553,4/167,0.0869546571623694,0.243068599788763,0,0,2.4586202579191188,6.004856617883921,PSMD8;PSMB7;PSMD14;PSMC3
Reactome_2022,PI3K/AKT Signaling In Cancer R-HSA-2219528,3/105,0.0883124080071284,0.2445887429137521,0,0,2.9408778739922363,7.137141991170913,BTC;RPS6KB2;FGF22
Reactome_2022,Integration Of Energy Metabolism R-HSA-163685,3/105,0.0883124080071284,0.2445887429137521,0,0,2.9408778739922363,7.137141991170913,PPP2R1B;TALDO1;ADIPOR1
Reactome_2022,"PI5P, PP2A And IER3 Regulate PI3K/AKT Signaling R-HSA-6811558",3/106,0.090247543166112,0.2476656321590564,0,0,2.912177812823419,7.004366885624175,BTC;PPP2R1B;FGF22
Reactome_2022,Resolution Of Sister Chromatid Cohesion R-HSA-2500257,3/106,0.090247543166112,0.2476656321590564,0,0,2.912177812823419,7.004366885624175,CENPT;PPP2R1B;DYNLL1
Reactome_2022,Phase II - Conjugation Of Compounds R-HSA-156580,3/107,0.0922003613732937,0.2505869684416261,0,0,2.8840296759078483,6.874924645539169,SULT2B1;GGCT;GGT6
Reactome_2022,SARS-CoV-1 Infection R-HSA-9678108,2/52,0.0953787922697506,0.2505869684416261,0,0,3.98989898989899,9.375859760148904,CHMP4C;HOXC13
Reactome_2022,AKT Phosphorylates Targets In Nucleus R-HSA-198693,1/10,0.0956381720564831,0.2505869684416261,0,0,11.050251256281408,25.93696464958489,RPS6KB2
Reactome_2022,PI3K Events In ERBB4 Signaling R-HSA-1250342,1/10,0.0956381720564831,0.2505869684416261,0,0,11.050251256281408,25.93696464958489,BTC
Reactome_2022,Condensation Of Prometaphase Chromosomes R-HSA-2514853,1/10,0.0956381720564831,0.2505869684416261,0,0,11.050251256281408,25.93696464958489,CSNK2B
Reactome_2022,Removal Of Aminoterminal Propeptides From Gamma-Carboxylated Proteins R-HSA-159782,1/10,0.0956381720564831,0.2505869684416261,0,0,11.050251256281408,25.93696464958489,FAM110A
Reactome_2022,FGFR2b Ligand Binding And Activation R-HSA-190377,1/10,0.0956381720564831,0.2505869684416261,0,0,11.050251256281408,25.93696464958489,FGF22
Reactome_2022,Gamma-carboxylation Of Protein Precursors R-HSA-159740,1/10,0.0956381720564831,0.2505869684416261,0,0,11.050251256281408,25.93696464958489,FAM110A
Reactome_2022,Gap Junction Degradation R-HSA-190873,1/10,0.0956381720564831,0.2505869684416261,0,0,11.050251256281408,25.93696464958489,CLTB
Reactome_2022,MASTL Facilitates Mitotic Progression R-HSA-2465910,1/10,0.0956381720564831,0.2505869684416261,0,0,11.050251256281408,25.93696464958489,PPP2R1B
Reactome_2022,Fatty Acid Metabolism R-HSA-8978868,4/173,0.0958985070575274,0.2505869684416261,0,0,2.3706074145634584,5.557805791949512,KRTAP11-1;ACADVL;HPGD;DBI
Reactome_2022,Mitotic Spindle Checkpoint R-HSA-69618,3/110,0.0981629721395125,0.2551446986569926,0,0,2.8027420655628825,6.505518041671875,CENPT;PPP2R1B;DYNLL1
Reactome_2022,Deposition Of New CENPA-containing Nucleosomes At Centromere R-HSA-606279,2/53,0.0984917971521169,0.2551446986569926,0,0,3.9114676173499694,9.065929283683165,CENPT;H2AJ
Reactome_2022,Disorders Of Transmembrane Transporters R-HSA-5619115,4/176,0.1005270084862388,0.2592992794001268,0,0,2.3289036544850497,5.350257546006701,PSMD8;PSMB7;PSMD14;PSMC3
Reactome_2022,Negative Regulation Of PI3K/AKT Network R-HSA-199418,3/113,0.1042776844975899,0.261352823973444,0,0,2.7258883248730963,6.162409997576357,BTC;PPP2R1B;FGF22
Reactome_2022,Regulation Of Gene Expression By Hypoxia-inducible Factor R-HSA-1234158,1/11,0.1046862992439068,0.261352823973444,0,0,9.944723618090451,22.4431232477853,CITED2
Reactome_2022,Endosomal/Vacuolar Pathway R-HSA-1236977,1/11,0.1046862992439068,0.261352823973444,0,0,9.944723618090451,22.4431232477853,CTSV
Reactome_2022,"Gamma-carboxylation, Transport, And Amino-Terminal Cleavage Of Proteins R-HSA-159854",1/11,0.1046862992439068,0.261352823973444,0,0,9.944723618090451,22.4431232477853,FAM110A
Reactome_2022,eNOS Activation R-HSA-203615,1/11,0.1046862992439068,0.261352823973444,0,0,9.944723618090451,22.4431232477853,LYPLA1
Reactome_2022,Mitochondrial Fatty Acid Beta-Oxidation Of Saturated Fatty Acids R-HSA-77286,1/11,0.1046862992439068,0.261352823973444,0,0,9.944723618090451,22.4431232477853,ACADVL
Reactome_2022,Metallothioneins Bind Metals R-HSA-5661231,1/11,0.1046862992439068,0.261352823973444,0,0,9.944723618090451,22.4431232477853,MT4
Reactome_2022,Amino Acids Regulate mTORC1 R-HSA-9639288,2/55,0.1048020475500832,0.261352823973444,0,0,3.763483895559368,8.489222766072233,ATP6V1G1;ATP6V1C2
Reactome_2022,Assembly Of Collagen Fibrils And Other Multimeric Structures R-HSA-2022090,2/57,0.111218880351375,0.2742982071167179,0,0,3.6262626262626254,7.964197874788815,CTSV;CTSB
Reactome_2022,Neurexins And Neuroligins R-HSA-6794361,2/57,0.111218880351375,0.2742982071167179,0,0,3.6262626262626254,7.964197874788815,HOMER2;DLGAP4
Reactome_2022,Butyrophilin (BTN) Family Interactions R-HSA-8851680,1/12,0.1136443487055952,0.2742982071167179,0,0,9.040201005025123,19.659557478207127,PPL
Reactome_2022,"Regulation Of Glycolysis By Fructose 2,6-Bisphosphate Metabolism R-HSA-9634600",1/12,0.1136443487055952,0.2742982071167179,0,0,9.040201005025123,19.659557478207127,PPP2R1B
Reactome_2022,GRB2 Events In EGFR Signaling R-HSA-179812,1/12,0.1136443487055952,0.2742982071167179,0,0,9.040201005025123,19.659557478207127,BTC
Reactome_2022,Tandem Pore Domain Potassium Channels R-HSA-1296346,1/12,0.1136443487055952,0.2742982071167179,0,0,9.040201005025123,19.659557478207127,KCNK6
Reactome_2022,Translation Of Replicase And Assembly Of Replication Transcription Complex R-HSA-9679504,1/12,0.1136443487055952,0.2742982071167179,0,0,9.040201005025123,19.659557478207127,CHMP4C
Reactome_2022,Maturation Of Nucleoprotein R-HSA-9683610,1/12,0.1136443487055952,0.2742982071167179,0,0,9.040201005025123,19.659557478207127,HOXC13
Reactome_2022,Late SARS-CoV-2 Infection Events R-HSA-9772573,2/58,0.1144651666427582,0.2751742606091907,0,0,3.561327561327561,7.719123085387519,HOXC13;GOLGA7
Reactome_2022,Mitotic Prometaphase R-HSA-68877,4/186,0.1166797006411275,0.2788968676946891,0,0,2.1998205875756898,4.725924503393204,CENPT;PPP2R1B;CSNK2B;DYNLL1
Reactome_2022,RHO GTPases Activate Formins R-HSA-5663220,3/119,0.1169417814626649,0.2788968676946891,0,0,2.584106423945388,5.545696691343623,CENPT;PPP2R1B;DYNLL1
Reactome_2022,Cell Cycle R-HSA-1640170,10/654,0.1214078308406734,0.2799636531523597,0,0,1.5655442955214125,3.301106541824958,PSMD8;CENPT;PSMB7;H2AJ;PSMC3;PSMD14;PPP2R1B;CSNK2B;CHMP4C;DYNLL1
Reactome_2022,SARS-CoV-2 Targets Host Intracellular Signaling And Regulatory Pathways R-HSA-9755779,1/13,0.1225132126107664,0.2799636531523597,0,0,8.28643216080402,17.397665920944878,HOXC13
Reactome_2022,SHC1 Events In EGFR Signaling R-HSA-180336,1/13,0.1225132126107664,0.2799636531523597,0,0,8.28643216080402,17.397665920944878,BTC
Reactome_2022,SHC1 Events In ERBB4 Signaling R-HSA-1250347,1/13,0.1225132126107664,0.2799636531523597,0,0,8.28643216080402,17.397665920944878,BTC
Reactome_2022,Defects In Cobalamin (B12) Metabolism R-HSA-3296469,1/13,0.1225132126107664,0.2799636531523597,0,0,8.28643216080402,17.397665920944878,MMADHC
Reactome_2022,Degradation Of Cysteine And Homocysteine R-HSA-1614558,1/13,0.1225132126107664,0.2799636531523597,0,0,8.28643216080402,17.397665920944878,TSTD1
Reactome_2022,Dissolution Of Fibrin Clot R-HSA-75205,1/13,0.1225132126107664,0.2799636531523597,0,0,8.28643216080402,17.397665920944878,SERPINB8
Reactome_2022,ERBB2 Activates PTK6 Signaling R-HSA-8847993,1/13,0.1225132126107664,0.2799636531523597,0,0,8.28643216080402,17.397665920944878,BTC
Reactome_2022,ERKs Are Inactivated R-HSA-202670,1/13,0.1225132126107664,0.2799636531523597,0,0,8.28643216080402,17.397665920944878,PPP2R1B
Reactome_2022,FGFRL1 Modulation Of FGFR1 Signaling R-HSA-5658623,1/13,0.1225132126107664,0.2799636531523597,0,0,8.28643216080402,17.397665920944878,FGF22
Reactome_2022,Inhibition Of Replication Initiation Of Damaged DNA By RB1/E2F1 R-HSA-113501,1/13,0.1225132126107664,0.2799636531523597,0,0,8.28643216080402,17.397665920944878,PPP2R1B
Reactome_2022,Cell-cell Junction Organization R-HSA-421270,2/61,0.1243457655234195,0.283075019240815,0,0,3.379729498373566,7.045685456427677,CLDN4;NECTIN4
Reactome_2022,RAB Geranylgeranylation R-HSA-8873719,2/62,0.1276839186856092,0.2884888538723727,0,0,3.323232323232323,6.839868307696459,RAB18;RAB11A
Reactome_2022,RHO GTPases Activate PKNs R-HSA-5625740,2/62,0.1276839186856092,0.2884888538723727,0,0,3.323232323232323,6.839868307696459,H2AJ;MYH14
Reactome_2022,APC Truncation Mutants Have Impaired AXIN Binding R-HSA-5467337,1/14,0.1312937743788508,0.2911718022202558,0,0,7.648627754155393,15.529145947074284,PPP2R1B
Reactome_2022,Pentose Phosphate Pathway R-HSA-71336,1/14,0.1312937743788508,0.2911718022202558,0,0,7.648627754155393,15.529145947074284,TALDO1
Reactome_2022,Response To Metal Ions R-HSA-5660526,1/14,0.1312937743788508,0.2911718022202558,0,0,7.648627754155393,15.529145947074284,MT4
Reactome_2022,TP53 Regulates Transcription Of Additional Cell Death Genes With Uncertain Roles In P53-Dependent Apoptosis R-HSA-6803205,1/14,0.1312937743788508,0.2911718022202558,0,0,7.648627754155393,15.529145947074284,PERP
Reactome_2022,Triglyceride Biosynthesis R-HSA-75109,1/14,0.1312937743788508,0.2911718022202558,0,0,7.648627754155393,15.529145947074284,DGAT2
Reactome_2022,RHO GTPase Effectors R-HSA-195258,5/269,0.1333006544957325,0.2945356373232914,0,0,1.8974358974358971,3.823614423024089,CENPT;H2AJ;PPP2R1B;MYH14;DYNLL1
Reactome_2022,Glycerophospholipid Biosynthesis R-HSA-1483206,3/127,0.1346639798868546,0.2964580656117203,0,0,2.4164074013427213,4.844830729741804,DGAT2;CSNK2B;PLBD1
Reactome_2022,CTNNB1 S33 Mutants Not Phosphorylated R-HSA-5358747,1/15,0.139986908731619,0.29940260550784,0,0,7.101938262742283,13.963876250165317,PPP2R1B
Reactome_2022,Defects Of Contact Activation System (CAS) And Kallikrein/Kinin System (KKS) R-HSA-9651496,1/15,0.139986908731619,0.29940260550784,0,0,7.101938262742283,13.963876250165317,FAM110A
Reactome_2022,EPHA-mediated Growth Cone Collapse R-HSA-3928663,1/15,0.139986908731619,0.29940260550784,0,0,7.101938262742283,13.963876250165317,MYH14
Reactome_2022,ERBB2 Regulates Cell Motility R-HSA-6785631,1/15,0.139986908731619,0.29940260550784,0,0,7.101938262742283,13.963876250165317,BTC
Reactome_2022,Synthesis Of Prostaglandins (PG) And Thromboxanes (TX) R-HSA-2162123,1/15,0.139986908731619,0.29940260550784,0,0,7.101938262742283,13.963876250165317,HPGD
Reactome_2022,GRB2 Events In ERBB2 Signaling R-HSA-1963640,1/15,0.139986908731619,0.29940260550784,0,0,7.101938262742283,13.963876250165317,BTC
Reactome_2022,WNT5A-dependent Internalization Of FZD4 R-HSA-5099900,1/15,0.139986908731619,0.29940260550784,0,0,7.101938262742283,13.963876250165317,CLTB
Reactome_2022,Metabolism Of Nitric Oxide: NOS3 Activation And Regulation R-HSA-202131,1/15,0.139986908731619,0.29940260550784,0,0,7.101938262742283,13.963876250165317,LYPLA1
Reactome_2022,Costimulation By CD28 Family R-HSA-388841,2/68,0.1481287080780672,0.3111661413537468,0,0,3.0202020202020203,5.767600469255814,PPP2R1B;HOXC13
Reactome_2022,PI3K Events In ERBB2 Signaling R-HSA-1963642,1/16,0.1485934818111902,0.3111661413537468,0,0,6.628140703517588,12.636822082241835,BTC
Reactome_2022,Phospholipase C-mediated Cascade: FGFR1 R-HSA-5654219,1/16,0.1485934818111902,0.3111661413537468,0,0,6.628140703517588,12.636822082241835,FGF22
Reactome_2022,FGFR1 Ligand Binding And Activation R-HSA-190242,1/16,0.1485934818111902,0.3111661413537468,0,0,6.628140703517588,12.636822082241835,FGF22
Reactome_2022,FOXO-mediated Transcription Of Cell Death Genes R-HSA-9614657,1/16,0.1485934818111902,0.3111661413537468,0,0,6.628140703517588,12.636822082241835,CITED2
Reactome_2022,Heme Degradation R-HSA-189483,1/16,0.1485934818111902,0.3111661413537468,0,0,6.628140703517588,12.636822082241835,HMOX2
Reactome_2022,Axon Guidance R-HSA-422475,8/519,0.1502318936677656,0.3135047503275249,0,0,1.5728147423352905,2.9813886525793256,PSMD8;PSMB7;PSMC3;PSMD14;CSNK2B;CLTB;MYH14;CD24
Reactome_2022,Glycolysis R-HSA-70171,2/69,0.1515987898971927,0.3152625353917398,0,0,2.974973616764661,5.612340646899519,PPP2R1B;PGP
Reactome_2022,Phospholipid Metabolism R-HSA-1483257,4/208,0.1558067839928103,0.3179317342307375,0,0,1.9603841536614648,3.644625857831792,DGAT2;CSNK2B;PLBD1;GDPD3
Reactome_2022,Activated Point Mutants Of FGFR2 R-HSA-2033519,1/17,0.157114351192228,0.3179317342307375,0,0,6.21356783919598,11.499955704952034,FGF22
Reactome_2022,Acyl Chain Remodelling Of PI R-HSA-1482922,1/17,0.157114351192228,0.3179317342307375,0,0,6.21356783919598,11.499955704952034,PLBD1
Reactome_2022,Platelet Sensitization By LDL R-HSA-432142,1/17,0.157114351192228,0.3179317342307375,0,0,6.21356783919598,11.499955704952034,PPP2R1B
Reactome_2022,Beta-catenin Phosphorylation Cascade R-HSA-196299,1/17,0.157114351192228,0.3179317342307375,0,0,6.21356783919598,11.499955704952034,PPP2R1B
Reactome_2022,Biosynthesis Of DHA-derived SPMs R-HSA-9018677,1/17,0.157114351192228,0.3179317342307375,0,0,6.21356783919598,11.499955704952034,HPGD
Reactome_2022,GAB1 Signalosome R-HSA-180292,1/17,0.157114351192228,0.3179317342307375,0,0,6.21356783919598,11.499955704952034,BTC
Reactome_2022,Metabolism Of Folate And Pterines R-HSA-196757,1/17,0.157114351192228,0.3179317342307375,0,0,6.21356783919598,11.499955704952034,MTHFD2L
Reactome_2022,Signaling By ROBO Receptors R-HSA-376176,4/209,0.1576916027431056,0.3180290377470017,0,0,1.9507217521154805,3.603205526187133,PSMD8;PSMB7;PSMC3;PSMD14
Reactome_2022,Phospholipase C-mediated Cascade; FGFR2 R-HSA-5654221,1/18,0.1655503660358053,0.3316525666250634,0,0,5.847768253029855,10.51709310132786,FGF22
Reactome_2022,RORA Activates Gene Expression R-HSA-1368082,1/18,0.1655503660358053,0.3316525666250634,0,0,5.847768253029855,10.51709310132786,RORA
Reactome_2022,Phase 4 - Resting Membrane Potential R-HSA-5576886,1/19,0.1739023671527052,0.3426731890451667,0,0,5.522613065326633,9.66049300943,KCNK6
Reactome_2022,Aflatoxin Activation And Detoxification R-HSA-5423646,1/19,0.1739023671527052,0.3426731890451667,0,0,5.522613065326633,9.66049300943,GGT6
Reactome_2022,Biosynthesis Of Specialized Proresolving Mediators (SPMs) R-HSA-9018678,1/19,0.1739023671527052,0.3426731890451667,0,0,5.522613065326633,9.66049300943,HPGD
Reactome_2022,RHO GTPases Activate ROCKs R-HSA-5627117,1/19,0.1739023671527052,0.3426731890451667,0,0,5.522613065326633,9.66049300943,MYH14
Reactome_2022,RHO GTPases Activate CIT R-HSA-5625900,1/19,0.1739023671527052,0.3426731890451667,0,0,5.522613065326633,9.66049300943,MYH14
Reactome_2022,Protein Ubiquitination R-HSA-8852135,2/76,0.1763024531867548,0.3462672364877113,0,0,2.6926016926016927,4.673156378016087,CDC34;UCHL3
Reactome_2022,Nervous System Development R-HSA-9675108,8/545,0.1807842985473895,0.3520414256015651,0,0,1.4946461824953443,2.5565185778824904,PSMD8;PSMB7;PSMC3;PSMD14;CSNK2B;CLTB;MYH14;CD24
Reactome_2022,SHC-mediated cascade:FGFR1 R-HSA-5654688,1/20,0.182171186958547,0.3520414256015651,0,0,5.231684739486909,8.908556962758436,FGF22
Reactome_2022,Sema4D Induced Cell Migration And Growth-Cone Collapse R-HSA-416572,1/20,0.182171186958547,0.3520414256015651,0,0,5.231684739486909,8.908556962758436,MYH14
Reactome_2022,Signal Transduction By L1 R-HSA-445144,1/20,0.182171186958547,0.3520414256015651,0,0,5.231684739486909,8.908556962758436,CSNK2B
Reactome_2022,FGFR2 Ligand Binding And Activation R-HSA-190241,1/20,0.182171186958547,0.3520414256015651,0,0,5.231684739486909,8.908556962758436,FGF22
Reactome_2022,Constitutive Signaling By Aberrant PI3K In Cancer R-HSA-2219530,2/78,0.1834746263330842,0.3534238795711014,0,0,2.621477937267411,4.445184817601474,BTC;FGF22
Reactome_2022,PI-3K cascade:FGFR1 R-HSA-5654689,1/21,0.1903576498347592,0.3552948681698457,0,0,4.969849246231155,8.244237447277422,FGF22
Reactome_2022,RHO GTPases Activate PAKs R-HSA-5627123,1/21,0.1903576498347592,0.3552948681698457,0,0,4.969849246231155,8.244237447277422,MYH14
Reactome_2022,CTLA4 Inhibitory Signaling R-HSA-389513,1/21,0.1903576498347592,0.3552948681698457,0,0,4.969849246231155,8.244237447277422,PPP2R1B
Reactome_2022,"Cobalamin (Cbl, Vitamin B12) Transport And Metabolism R-HSA-196741",1/21,0.1903576498347592,0.3552948681698457,0,0,4.969849246231155,8.244237447277422,MMADHC
Reactome_2022,SHC1 Events In ERBB2 Signaling R-HSA-1250196,1/21,0.1903576498347592,0.3552948681698457,0,0,4.969849246231155,8.244237447277422,BTC
Reactome_2022,Defects In Vitamin And Cofactor Metabolism R-HSA-3296482,1/21,0.1903576498347592,0.3552948681698457,0,0,4.969849246231155,8.244237447277422,MMADHC
Reactome_2022,Signaling By ERBB2 TMD/JMD Mutants R-HSA-9665686,1/21,0.1903576498347592,0.3552948681698457,0,0,4.969849246231155,8.244237447277422,BTC
Reactome_2022,VxPx Cargo-Targeting To Cilium R-HSA-5620916,1/21,0.1903576498347592,0.3552948681698457,0,0,4.969849246231155,8.244237447277422,RAB11A
Reactome_2022,Interleukin-37 Signaling R-HSA-9008059,1/21,0.1903576498347592,0.3552948681698457,0,0,4.969849246231155,8.244237447277422,IL37
Reactome_2022,Intrinsic Pathway Of Fibrin Clot Formation R-HSA-140837,1/21,0.1903576498347592,0.3552948681698457,0,0,4.969849246231155,8.244237447277422,FAM110A
Reactome_2022,RA Biosynthesis Pathway R-HSA-5365859,1/22,0.1984625719282345,0.3625410508476259,0,0,4.732950466618808,7.653913334056085,SDR16C5
Reactome_2022,Common Pathway Of Fibrin Clot Formation R-HSA-140875,1/22,0.1984625719282345,0.3625410508476259,0,0,4.732950466618808,7.653913334056085,FAM110A
Reactome_2022,Cytosolic Sulfonation Of Small Molecules R-HSA-156584,1/22,0.1984625719282345,0.3625410508476259,0,0,4.732950466618808,7.653913334056085,SULT2B1
Reactome_2022,SHC-mediated cascade:FGFR2 R-HSA-5654699,1/22,0.1984625719282345,0.3625410508476259,0,0,4.732950466618808,7.653913334056085,FGF22
Reactome_2022,E2F Mediated Regulation Of DNA Replication R-HSA-113510,1/22,0.1984625719282345,0.3625410508476259,0,0,4.732950466618808,7.653913334056085,PPP2R1B
Reactome_2022,ERK/MAPK Targets R-HSA-198753,1/22,0.1984625719282345,0.3625410508476259,0,0,4.732950466618808,7.653913334056085,PPP2R1B
Reactome_2022,FRS-mediated FGFR1 Signaling R-HSA-5654693,1/22,0.1984625719282345,0.3625410508476259,0,0,4.732950466618808,7.653913334056085,FGF22
Reactome_2022,PI-3K cascade:FGFR2 R-HSA-5654695,1/23,0.2064867613185778,0.3726682989563523,0,0,4.517587939698492,7.126580711797677,FGF22
Reactome_2022,CD28 Dependent PI3K/Akt Signaling R-HSA-389357,1/23,0.2064867613185778,0.3726682989563523,0,0,4.517587939698492,7.126580711797677,HOXC13
Reactome_2022,Canonical Retinoid Cycle In Rods (Twilight Vision) R-HSA-2453902,1/23,0.2064867613185778,0.3726682989563523,0,0,4.517587939698492,7.126580711797677,SDR9C7
Reactome_2022,Miscellaneous Transport And Binding Events R-HSA-5223345,1/23,0.2064867613185778,0.3726682989563523,0,0,4.517587939698492,7.126580711797677,AZGP1
Reactome_2022,Generic Transcription Pathway R-HSA-212436,15/1190,0.2121990566083276,0.3768217600864269,0,0,1.2852213916043704,1.9923893986909005,BNIP3L;PRELID1;SERPINB13;PSMD14;CITED2;CITED4;RORA;CTSV;PSMD8;PSMB7;H2AJ;PSMC3;PPP2R1B;PERP;CSNK2B
Reactome_2022,Cell Junction Organization R-HSA-446728,2/86,0.2125388044387241,0.3768217600864269,0,0,2.370851370851371,3.671573213687656,CLDN4;NECTIN4
Reactome_2022,Aggrephagy R-HSA-9646399,1/24,0.2144310182188985,0.3768217600864269,0,0,4.320952589032117,6.653261007649563,DYNLL1
Reactome_2022,DARPP-32 Events R-HSA-180024,1/24,0.2144310182188985,0.3768217600864269,0,0,4.320952589032117,6.653261007649563,PPP2R1B
Reactome_2022,Sema4D In Semaphorin Signaling R-HSA-400685,1/24,0.2144310182188985,0.3768217600864269,0,0,4.320952589032117,6.653261007649563,MYH14
Reactome_2022,Signaling By EGFR In Cancer R-HSA-1643713,1/24,0.2144310182188985,0.3768217600864269,0,0,4.320952589032117,6.653261007649563,BTC
Reactome_2022,Signaling By ERBB2 KD Mutants R-HSA-9664565,1/24,0.2144310182188985,0.3768217600864269,0,0,4.320952589032117,6.653261007649563,BTC
Reactome_2022,Estrogen-dependent Nuclear Events Downstream Of ESR-membrane Signaling R-HSA-9634638,1/24,0.2144310182188985,0.3768217600864269,0,0,4.320952589032117,6.653261007649563,BTC
Reactome_2022,FRS-mediated FGFR2 Signaling R-HSA-5654700,1/24,0.2144310182188985,0.3768217600864269,0,0,4.320952589032117,6.653261007649563,FGF22
Reactome_2022,Protein-protein Interactions At Synapses R-HSA-6794362,2/88,0.2198775013707891,0.3852664091074177,0,0,2.315480385247827,3.5072227118932733,HOMER2;DLGAP4
Reactome_2022,Cyclin A/B1/B2 Associated Events During G2/M Transition R-HSA-69273,1/25,0.2222961348450487,0.3871946836452243,0,0,4.14070351758794,6.226561570384656,PPP2R1B
Reactome_2022,Signaling By ERBB2 In Cancer R-HSA-1227990,1/25,0.2222961348450487,0.3871946836452243,0,0,4.14070351758794,6.226561570384656,BTC
Reactome_2022,Antimicrobial Peptides R-HSA-6803157,2/89,0.2235550003741977,0.3871946836452243,0,0,2.2887495646116336,3.428770706989903,ATOX1;S100A7
Reactome_2022,Glucose Metabolism R-HSA-70326,2/89,0.2235550003741977,0.3871946836452243,0,0,2.2887495646116336,3.428770706989903,PPP2R1B;PGP
Reactome_2022,Collagen Formation R-HSA-1474290,2/90,0.2272373036176318,0.3917275363505278,0,0,2.2626262626262625,3.352670034774279,CTSV;CTSB
Reactome_2022,Signaling By Receptor Tyrosine Kinases R-HSA-9006934,7/496,0.2292925123304002,0.3917275363505278,0,0,1.4323087192854191,2.1094423259892348,BTC;ATP6V1G1;SPINT1;PPP2R1B;HOXC13;FGF22;ATP6V1C2
Reactome_2022,Pyroptosis R-HSA-5620971,1/26,0.2300828957266827,0.3917275363505278,0,0,3.974874371859297,5.840344997302112,CHMP4C
Reactome_2022,Constitutive Signaling By AKT1 E17K In Cancer R-HSA-5674400,1/26,0.2300828957266827,0.3917275363505278,0,0,3.974874371859297,5.840344997302112,RPS6KB2
Reactome_2022,Downregulation Of TGF-beta Receptor Signaling R-HSA-2173788,1/26,0.2300828957266827,0.3917275363505278,0,0,3.974874371859297,5.840344997302112,BAMBI
Reactome_2022,Sulfur Amino Acid Metabolism R-HSA-1614635,1/26,0.2300828957266827,0.3917275363505278,0,0,3.974874371859297,5.840344997302112,TSTD1
Reactome_2022,EPH-Ephrin Signaling R-HSA-2682334,2/91,0.2309239500321694,0.392048853020717,0,0,2.237090001134945,3.2788286401533377,CLTB;MYH14
Reactome_2022,Post-translational Modification: Synthesis Of GPI-anchored Proteins R-HSA-163125,2/92,0.234614487227205,0.3971924135874654,0,0,2.212121212121212,3.2071589757618537,LY6G6C;LYPD5
Reactome_2022,Acyl Chain Remodelling Of PC R-HSA-1482788,1/27,0.2377920775242915,0.3991984318215062,0,0,3.821801314263626,5.489477227235043,PLBD1
Reactome_2022,Synthesis Of PC R-HSA-1483191,1/27,0.2377920775242915,0.3991984318215062,0,0,3.821801314263626,5.489477227235043,CSNK2B
Reactome_2022,VEGFR2 Mediated Vascular Permeability R-HSA-5218920,1/27,0.2377920775242915,0.3991984318215062,0,0,3.821801314263626,5.489477227235043,HOXC13
Reactome_2022,Paracetamol ADME R-HSA-9753281,1/28,0.2454244493195781,0.4097224834474068,0,0,3.680067001675042,5.169633447658624,GGT6
Reactome_2022,Metabolism Of Porphyrins R-HSA-189445,1/28,0.2454244493195781,0.4097224834474068,0,0,3.680067001675042,5.169633447658624,HMOX2
Reactome_2022,MyD88 Cascade Initiated On Plasma Membrane R-HSA-975871,2/96,0.2494067909928498,0.4111332005334202,0,0,2.117558564367075,2.9405900871231445,PPP2R1B;HOXC13
Reactome_2022,Peroxisomal Lipid Metabolism R-HSA-390918,1/29,0.252980772589684,0.4111332005334202,0,0,3.548456568557071,4.877147000705543,KRTAP11-1
Reactome_2022,Acyl Chain Remodelling Of PE R-HSA-1482839,1/29,0.252980772589684,0.4111332005334202,0,0,3.548456568557071,4.877147000705543,PLBD1
Reactome_2022,Adherens Junctions Interactions R-HSA-418990,1/29,0.252980772589684,0.4111332005334202,0,0,3.548456568557071,4.877147000705543,NECTIN4
Reactome_2022,Budding And Maturation Of HIV Virion R-HSA-162588,1/29,0.252980772589684,0.4111332005334202,0,0,3.548456568557071,4.877147000705543,CHMP4C
Reactome_2022,Disassembly Of Destruction Complex And Recruitment Of AXIN To Membrane R-HSA-4641262,1/29,0.252980772589684,0.4111332005334202,0,0,3.548456568557071,4.877147000705543,PPP2R1B
Reactome_2022,SUMOylation Of Intracellular Receptors R-HSA-4090294,1/29,0.252980772589684,0.4111332005334202,0,0,3.548456568557071,4.877147000705543,RORA
Reactome_2022,Downregulation Of ERBB2 Signaling R-HSA-8863795,1/29,0.252980772589684,0.4111332005334202,0,0,3.548456568557071,4.877147000705543,BTC
Reactome_2022,Downstream Signaling Of Activated FGFR2 R-HSA-5654696,1/29,0.252980772589684,0.4111332005334202,0,0,3.548456568557071,4.877147000705543,FGF22
Reactome_2022,Anchoring Of Basal Body To Plasma Membrane R-HSA-5620912,2/97,0.253110289845866,0.4111332005334202,0,0,2.095162147793727,2.878606039624586,DYNLL1;RAB11A
Reactome_2022,Activation Of BH3-only Proteins R-HSA-114452,1/30,0.2604618012849767,0.4153132310423772,0,0,3.425922717033443,4.608890626901229,DYNLL1
Reactome_2022,Downstream Signaling Of Activated FGFR1 R-HSA-5654687,1/30,0.2604618012849767,0.4153132310423772,0,0,3.425922717033443,4.608890626901229,FGF22
Reactome_2022,Endosomal Sorting Complex Required For Transport (ESCRT) R-HSA-917729,1/30,0.2604618012849767,0.4153132310423772,0,0,3.425922717033443,4.608890626901229,CHMP4C
Reactome_2022,Tight Junction Interactions R-HSA-420029,1/30,0.2604618012849767,0.4153132310423772,0,0,3.425922717033443,4.608890626901229,CLDN4
Reactome_2022,Translation Of Structural Proteins R-HSA-9683701,1/30,0.2604618012849767,0.4153132310423772,0,0,3.425922717033443,4.608890626901229,HOXC13
Reactome_2022,MAPK Targets/ Nuclear Events Mediated By MAP Kinases R-HSA-450282,1/30,0.2604618012849767,0.4153132310423772,0,0,3.425922717033443,4.608890626901229,PPP2R1B
Reactome_2022,L1CAM Interactions R-HSA-373760,2/99,0.2605209452628556,0.4153132310423772,0,0,2.0517546600020826,2.7597577787968723,CSNK2B;CD24
Reactome_2022,Sealing Of Nuclear Envelope (NE) By ESCRT-III R-HSA-9668328,1/31,0.2678682819607093,0.4215399540062602,0,0,3.3115577889447234,4.362182296847866,CHMP4C
Reactome_2022,EGFR Downregulation R-HSA-182971,1/31,0.2678682819607093,0.4215399540062602,0,0,3.3115577889447234,4.362182296847866,BTC
Reactome_2022,Late Endosomal Microautophagy R-HSA-9615710,1/31,0.2678682819607093,0.4215399540062602,0,0,3.3115577889447234,4.362182296847866,CHMP4C
Reactome_2022,Metalloprotease DUBs R-HSA-5689901,1/31,0.2678682819607093,0.4215399540062602,0,0,3.3115577889447234,4.362182296847866,PSMD14
Reactome_2022,TRAF6 Mediated Induction Of NFkB And MAP Kinases Upon TLR7/8 Or 9 Activation R-HSA-975138,2/101,0.2679338809157927,0.4215399540062602,0,0,2.01010101010101,2.647333266062948,PPP2R1B;HOXC13
Reactome_2022,Cytokine Signaling In Immune System R-HSA-1280215,9/702,0.2705169366984984,0.4244926343493408,0,0,1.2991772625280478,1.698571077224881,PSMD8;PSMB7;PSMC3;PSMD14;PPP2R1B;IL37;TALDO1;RORA;HOXC13
Reactome_2022,MyD88 Dependent Cascade Initiated On Endosome R-HSA-975155,2/102,0.2716402584331571,0.425095889039975,0,0,1.9898989898989896,2.593388923930461,PPP2R1B;HOXC13
Reactome_2022,RAF Activation R-HSA-5673000,1/32,0.2752009537742224,0.425095889039975,0,0,3.204571243313341,4.1347099266061775,PPP2R1B
Reactome_2022,RNA Polymerase I Promoter Opening R-HSA-73728,1/32,0.2752009537742224,0.425095889039975,0,0,3.204571243313341,4.1347099266061775,H2AJ
Reactome_2022,Nuclear Signaling By ERBB4 R-HSA-1251985,1/32,0.2752009537742224,0.425095889039975,0,0,3.204571243313341,4.1347099266061775,BTC
Reactome_2022,Toll Like Receptor 3 (TLR3) Cascade R-HSA-168164,2/103,0.2753460863759224,0.425095889039975,0,0,1.97009700970097,2.5408862749711147,PPP2R1B;HOXC13
Reactome_2022,Toll Like Receptor 7/8 (TLR7/8) Cascade R-HSA-168181,2/103,0.2753460863759224,0.425095889039975,0,0,1.97009700970097,2.5408862749711147,PPP2R1B;HOXC13
Reactome_2022,Transport Of Small Molecules R-HSA-382551,9/706,0.2758525735866726,0.425095889039975,0,0,1.2914510204541527,1.6632451883054615,PSMD8;PSMB7;AZGP1;ATP6V1G1;PSMC3;PSMD14;HMOX2;RAB11A;ATP6V1C2
Reactome_2022,Transcriptional Regulation By TP53 R-HSA-3700989,5/354,0.2808767047611167,0.4265296223824802,0,0,1.4290647270589965,1.8146828085081488,BNIP3L;PRELID1;PPP2R1B;PERP;CSNK2B
Reactome_2022,Activation Of Matrix Metalloproteinases R-HSA-1592389,1/33,0.2824605485993796,0.4265296223824802,0,0,3.1042713567839195,3.9244707255325473,CTSV
Reactome_2022,Packaging Of Telomere Ends R-HSA-171306,1/33,0.2824605485993796,0.4265296223824802,0,0,3.1042713567839195,3.9244707255325473,H2AJ
Reactome_2022,Diseases Of Carbohydrate Metabolism R-HSA-5663084,1/33,0.2824605485993796,0.4265296223824802,0,0,3.1042713567839195,3.9244707255325473,TALDO1
Reactome_2022,Signaling By WNT In Cancer R-HSA-4791275,1/33,0.2824605485993796,0.4265296223824802,0,0,3.1042713567839195,3.9244707255325473,PPP2R1B
Reactome_2022,FGFR2 Mutant Receptor Activation R-HSA-1839126,1/33,0.2824605485993796,0.4265296223824802,0,0,3.1042713567839195,3.9244707255325473,FGF22
Reactome_2022,NOD1/2 Signaling Pathway R-HSA-168638,1/33,0.2824605485993796,0.4265296223824802,0,0,3.1042713567839195,3.9244707255325473,HOXC13
Reactome_2022,Negative Regulation Of FGFR1 Signaling R-HSA-5654726,1/33,0.2824605485993796,0.4265296223824802,0,0,3.1042713567839195,3.9244707255325473,FGF22
Reactome_2022,Cilium Assembly R-HSA-5617833,3/186,0.2851084853622991,0.4294491220620094,0,0,1.632437380377798,2.0485220321646063,DYNLRB1;DYNLL1;RAB11A
Reactome_2022,Toll Like Receptor 9 (TLR9) Cascade R-HSA-168138,2/106,0.2864567291305087,0.4304012355185893,0,0,1.912975912975913,2.3915408635892965,PPP2R1B;HOXC13
Reactome_2022,CD28 Co-Stimulation R-HSA-389356,1/34,0.2896477910754225,0.4305784372433581,0,0,3.010050251256281,3.7297219848476746,HOXC13
Reactome_2022,DNA Methylation R-HSA-5334118,1/34,0.2896477910754225,0.4305784372433581,0,0,3.010050251256281,3.7297219848476746,H2AJ
Reactome_2022,Detoxification Of Reactive Oxygen Species R-HSA-3299685,1/34,0.2896477910754225,0.4305784372433581,0,0,3.010050251256281,3.7297219848476746,ATOX1
Reactome_2022,Negative Regulation Of FGFR2 Signaling R-HSA-5654727,1/34,0.2896477910754225,0.4305784372433581,0,0,3.010050251256281,3.7297219848476746,FGF22
Reactome_2022,MyD88-independent TLR4 Cascade R-HSA-166166,2/107,0.290156850388619,0.4305784372433581,0,0,1.8946608946608947,2.344327659095108,PPP2R1B;HOXC13
Reactome_2022,RUNX1 Interacts With Co-Factors Whose Precise Effect On RUNX1 Targets Is Not Known R-HSA-8939243,1/35,0.2967633987534311,0.4382181883312337,0,0,2.9213715637008573,3.54894088012851,CSNK2B
Reactome_2022,Gene And Protein Expression By JAK-STAT Signaling After Interleukin-12 Stimulation R-HSA-8950505,1/35,0.2967633987534311,0.4382181883312337,0,0,2.9213715637008573,3.54894088012851,TALDO1
Reactome_2022,Activated PKN1 Stimulates Transcription Of Androgen Receptor Regulated KLK2 And KLK3 R-HSA-5625886,1/36,0.3038080819844295,0.4457763940210375,0,0,2.8377602297200286,3.380791434126185,H2AJ
Reactome_2022,Regulation Of TP53 Degradation R-HSA-6804757,1/36,0.3038080819844295,0.4457763940210375,0,0,2.8377602297200286,3.380791434126185,PPP2R1B
Reactome_2022,Golgi-to-ER Retrograde Transport R-HSA-8856688,2/112,0.3086170575351828,0.4457763940210375,0,0,1.808080808080808,2.1256775548508937,RAB18;DYNLL1
Reactome_2022,Mitotic Prophase R-HSA-68875,2/112,0.3086170575351828,0.4457763940210375,0,0,1.808080808080808,2.1256775548508937,H2AJ;PPP2R1B
Reactome_2022,MyD88:MAL(TIRAP) Cascade Initiated On Plasma Membrane R-HSA-166058,2/112,0.3086170575351828,0.4457763940210375,0,0,1.808080808080808,2.1256775548508937,PPP2R1B;HOXC13
Reactome_2022,Post-translational Protein Modification R-HSA-597592,16/1383,0.3090953140339587,0.4457763940210375,0,0,1.1725454024999205,1.3766921115939503,OTUB2;PSMD14;RORA;IDE;UCHL3;LYPD5;DYNLL1;RAB11A;PSMD8;FAM110A;PSMB7;CDC34;PSMC3;GAN;RAB18;LY6G6C
Reactome_2022,Cleavage Of Damaged Purine R-HSA-110331,1/37,0.3107825442509396,0.4457763940210375,0,0,2.758793969849246,3.2240971983470845,H2AJ
Reactome_2022,Regulation Of TP53 Expression And Degradation R-HSA-6806003,1/37,0.3107825442509396,0.4457763940210375,0,0,2.758793969849246,3.2240971983470845,PPP2R1B
Reactome_2022,Cooperation Of PDCL (PhLP1) And TRiC/CCT In G-protein Beta Folding R-HSA-6814122,1/37,0.3107825442509396,0.4457763940210375,0,0,2.758793969849246,3.2240971983470845,CSNK2B
Reactome_2022,SIRT1 Negatively Regulates rRNA Expression R-HSA-427359,1/37,0.3107825442509396,0.4457763940210375,0,0,2.758793969849246,3.2240971983470845,H2AJ
Reactome_2022,Formation Of Fibrin Clot (Clotting Cascade) R-HSA-140877,1/37,0.3107825442509396,0.4457763940210375,0,0,2.758793969849246,3.2240971983470845,FAM110A
Reactome_2022,Triglyceride Metabolism R-HSA-8979227,1/37,0.3107825442509396,0.4457763940210375,0,0,2.758793969849246,3.2240971983470845,DGAT2
Reactome_2022,Signaling By Rho GTPases R-HSA-194315,8/644,0.3166880655551615,0.452441176900037,0,0,1.255503144654088,1.4436252372740377,CENPT;H2AJ;PGRMC2;PPP2R1B;HOMER2;MYH14;DYNLL1;HMOX2
Reactome_2022,Assembly Of ORC Complex At Origin Of Replication R-HSA-68616,1/38,0.3176874819497763,0.452441176900037,0,0,2.684096156457965,3.07781854672427,H2AJ
Reactome_2022,HSP90 Chaperone Cycle For Steroid Hormone Receptors (SHR) In Presence Of Ligand R-HSA-3371497,1/38,0.3176874819497763,0.452441176900037,0,0,2.684096156457965,3.07781854672427,DYNLL1
Reactome_2022,PPARA Activates Gene Expression R-HSA-1989781,2/116,0.3233184189046689,0.4593720325335839,0,0,1.7442849548112709,1.969502884306064,RORA;GRHL1
Reactome_2022,Ovarian Tumor Domain Proteases R-HSA-5689896,1/39,0.3245235847719431,0.4599968736979665,0,0,2.6133298069293835,2.941033694945818,OTUB2
Reactome_2022,Chromosome Maintenance R-HSA-73886,2/118,0.3306405252999629,0.466236916771347,0,0,1.7140369209334727,1.8969649746192256,CENPT;H2AJ
Reactome_2022,Regulation Of Lipid Metabolism By PPARalpha R-HSA-400206,2/118,0.3306405252999629,0.466236916771347,0,0,1.7140369209334727,1.8969649746192256,RORA;GRHL1
Reactome_2022,Collagen Degradation R-HSA-1442490,1/40,0.3312915354401823,0.466236916771347,0,0,2.54619250096637,2.8129227654318845,CTSB
Reactome_2022,Extracellular Matrix Organization R-HSA-1474244,4/291,0.332339749401649,0.466236916771347,0,0,1.3875417762923985,1.5285125404640607,CAPN12;CTSV;KLK7;CTSB
Reactome_2022,RNA Polymerase II Transcription R-HSA-73857,15/1312,0.3334985938954872,0.466236916771347,0,0,1.1567025776740505,1.2701943363235737,BNIP3L;PRELID1;SERPINB13;PSMD14;CITED2;CITED4;RORA;CTSV;PSMD8;PSMB7;H2AJ;PSMC3;PPP2R1B;PERP;CSNK2B
Reactome_2022,Signal Transduction R-HSA-162582,27/2465,0.3364650194022263,0.466236916771347,0,0,1.1114340855529266,1.2106419029691855,PSMD14;CLTB;RORA;HOXC13;PSMD8;PSMB7;SDR16C5;PGRMC2;PPP2R1B;MYH14;GOLGA7;HMOX2;FGF22;ATP6V1C2;CENPT;LYPLA1;ATP6V1G1;HOMER2;CTNNBIP1;DYNLL1;BTC;H2AJ;SPINT1;PSMC3;BAMBI;CSNK2B;RPS6KB2
Reactome_2022,Cell-Cell Communication R-HSA-1500931,2/120,0.337940732613065,0.466236916771347,0,0,1.684814244136278,1.827829273598234,CLDN4;NECTIN4
Reactome_2022,Signaling By Retinoic Acid R-HSA-5362517,1/41,0.3379920100397979,0.466236916771347,0,0,2.4824120603015074,2.6927543377926204,SDR16C5
Reactome_2022,Negative Regulation Of MAPK Pathway R-HSA-5675221,1/41,0.3379920100397979,0.466236916771347,0,0,2.4824120603015074,2.6927543377926204,PPP2R1B
Reactome_2022,"Signaling By Rho GTPases, Miro GTPases And RHOBTB3 R-HSA-9716542",8/660,0.3405781742161465,0.466236916771347,0,0,1.2236707566462168,1.3180287345796142,CENPT;H2AJ;PGRMC2;PPP2R1B;HOMER2;MYH14;DYNLL1;HMOX2
Reactome_2022,HCMV Infection R-HSA-9609646,2/121,0.3415819885568875,0.466236916771347,0,0,1.6705712588065529,1.794473428095151,CHMP4C;DYNLL1
Reactome_2022,PRC2 Methylates Histones And DNA R-HSA-212300,1/42,0.344625677945044,0.466236916771347,0,0,2.4217428606446867,2.579874053958348,H2AJ
Reactome_2022,RND1 GTPase Cycle R-HSA-9696273,1/42,0.344625677945044,0.466236916771347,0,0,2.4217428606446867,2.579874053958348,HOMER2
Reactome_2022,RND3 GTPase Cycle R-HSA-9696264,1/42,0.344625677945044,0.466236916771347,0,0,2.4217428606446867,2.579874053958348,HOMER2
Reactome_2022,Cleavage Of Damaged Pyrimidine R-HSA-110329,1/42,0.344625677945044,0.466236916771347,0,0,2.4217428606446867,2.579874053958348,H2AJ
Reactome_2022,Deactivation Of Beta-Catenin Transactivating Complex R-HSA-3769402,1/42,0.344625677945044,0.466236916771347,0,0,2.4217428606446867,2.579874053958348,CTNNBIP1
Reactome_2022,Defective Pyroptosis R-HSA-9710421,1/42,0.344625677945044,0.466236916771347,0,0,2.4217428606446867,2.579874053958348,H2AJ
Reactome_2022,Signaling By FGFR2 In Disease R-HSA-5655253,1/42,0.344625677945044,0.466236916771347,0,0,2.4217428606446867,2.579874053958348,FGF22
Reactome_2022,"Gamma Carboxylation, Hypusine Formation And Arylsulfatase Activation R-HSA-163841",1/42,0.344625677945044,0.466236916771347,0,0,2.4217428606446867,2.579874053958348,FAM110A
Reactome_2022,Vasopressin Regulates Renal Water Homeostasis Via Aquaporins R-HSA-432040,1/42,0.344625677945044,0.466236916771347,0,0,2.4217428606446867,2.579874053958348,RAB11A
Reactome_2022,Metabolism Of Water-Soluble Vitamins And Cofactors R-HSA-196849,2/122,0.3452170182416795,0.466236916771347,0,0,1.6565656565656566,1.7618934494773038,MTHFD2L;MMADHC
Reactome_2022,Condensation Of Prophase Chromosomes R-HSA-2299718,1/43,0.3511932019412653,0.4732446510464135,0,0,2.363962670495334,2.473694919601735,H2AJ
Reactome_2022,PI3K Cascade R-HSA-109704,1/44,0.3576952382847675,0.4777218626869895,0,0,2.308869931050602,2.373689018141451,FGF22
Reactome_2022,"Base-Excision Repair, AP Site Formation R-HSA-73929",1/44,0.3576952382847675,0.4777218626869895,0,0,2.308869931050602,2.373689018141451,H2AJ
Reactome_2022,TGF-beta Receptor Signaling Activates SMADs R-HSA-2173789,1/44,0.3576952382847675,0.4777218626869895,0,0,2.308869931050602,2.373689018141451,BAMBI
Reactome_2022,Interleukin-12 Signaling R-HSA-9020591,1/44,0.3576952382847675,0.4777218626869895,0,0,2.308869931050602,2.373689018141451,TALDO1
Reactome_2022,ERCC6 (CSB) And EHMT2 (G9a) Positively Regulate rRNA Expression R-HSA-427389,1/45,0.3641324366778817,0.4820343489942884,0,0,2.256281407035176,2.279380404926681,H2AJ
Reactome_2022,TAK1-dependent IKK And NF-kappa-B Activation R-HSA-445989,1/45,0.3641324366778817,0.4820343489942884,0,0,2.256281407035176,2.279380404926681,HOXC13
Reactome_2022,Glycosphingolipid Metabolism R-HSA-1660662,1/45,0.3641324366778817,0.4820343489942884,0,0,2.256281407035176,2.279380404926681,GLTP
Reactome_2022,Heme Signaling R-HSA-9707616,1/45,0.3641324366778817,0.4820343489942884,0,0,2.256281407035176,2.279380404926681,RORA
Reactome_2022,XBP1(S) Activates Chaperone Genes R-HSA-381038,1/46,0.3705054405101429,0.4893929005419689,0,0,2.2060301507537687,2.1903389894516705,ACADVL
Reactome_2022,Biological Oxidations R-HSA-211859,3/218,0.3724089860761,0.4908285101573161,0,0,1.3872033998347302,1.3702276420797843,SULT2B1;GGCT;GGT6
Reactome_2022,Cyclin D Associated Events In G1 R-HSA-69231,1/47,0.376814886705751,0.494466696310385,0,0,2.1579637317019884,2.1061752538856453,PPP2R1B
Reactome_2022,IRS-mediated Signaling R-HSA-112399,1/47,0.376814886705751,0.494466696310385,0,0,2.1579637317019884,2.1061752538856453,FGF22
Reactome_2022,IRE1alpha Activates Chaperones R-HSA-381070,1/48,0.3830614060395898,0.5004780544125945,0,0,2.111942692184326,2.026535673888961,ACADVL
Reactome_2022,Inhibition Of DNA Recombination At Telomere R-HSA-9670095,1/48,0.3830614060395898,0.5004780544125945,0,0,2.111942692184326,2.026535673888961,H2AJ
Reactome_2022,RMTs Methylate Histone Arginines R-HSA-3214858,1/49,0.3892456229672477,0.5030895040931523,0,0,2.0678391959799,1.9510987409424116,H2AJ
Reactome_2022,Signaling By EGFR R-HSA-177929,1/49,0.3892456229672477,0.5030895040931523,0,0,2.0678391959799,1.9510987409424116,BTC
Reactome_2022,Signaling By ERBB2 R-HSA-1227986,1/49,0.3892456229672477,0.5030895040931523,0,0,2.0678391959799,1.9510987409424116,BTC
Reactome_2022,EPH-ephrin Mediated Repulsion Of Cells R-HSA-3928665,1/49,0.3892456229672477,0.5030895040931523,0,0,2.0678391959799,1.9510987409424116,CLTB
Reactome_2022,Signaling By FGFR1 R-HSA-5654736,1/49,0.3892456229672477,0.5030895040931523,0,0,2.0678391959799,1.9510987409424116,FGF22
Reactome_2022,Aquaporin-mediated Transport R-HSA-445717,1/50,0.3953681557510544,0.5088142646817638,0,0,2.025535842477695,1.8795714928238212,RAB11A
Reactome_2022,Cargo Trafficking To Periciliary Membrane R-HSA-5620920,1/50,0.3953681557510544,0.5088142646817638,0,0,2.025535842477695,1.8795714928238212,RAB11A
Reactome_2022,Translocation Of SLC2A4 (GLUT4) To Plasma Membrane R-HSA-1445148,1/51,0.4014296166851454,0.5144119395048451,0,0,1.984924623115578,1.8116864795932897,RAB11A
Reactome_2022,IRS-related Events Triggered By IGF1R R-HSA-2428928,1/51,0.4014296166851454,0.5144119395048451,0,0,1.984924623115578,1.8116864795932897,FGF22
Reactome_2022,RHOD GTPase Cycle R-HSA-9013405,1/52,0.4074306117999475,0.5187834696859502,0,0,1.9459060005911912,1.7471991060741807,PGRMC2
Reactome_2022,Signaling By Non-Receptor Tyrosine Kinases R-HSA-9006927,1/52,0.4074306117999475,0.5187834696859502,0,0,1.9459060005911912,1.7471991060741807,BTC
Reactome_2022,IGF1R Signaling Cascade R-HSA-2428924,1/52,0.4074306117999475,0.5187834696859502,0,0,1.9459060005911912,1.7471991060741807,FGF22
Reactome_2022,Toll Like Receptor 4 (TLR4) Cascade R-HSA-166016,2/140,0.4093350504017323,0.5197414572669589,0,0,1.4391743522178304,1.28550113423387,PPP2R1B;HOXC13
Reactome_2022,"Nucleotide-binding Domain, Leucine Rich Repeat Containing NLR Signaling Pathways R-HSA-168643",1/53,0.4133717413870322,0.5197414572669589,0,0,1.9083880943177425,1.6858852917962188,HOXC13
Reactome_2022,Sensory Processing Of Sound By Outer Hair Cells Of Cochlea R-HSA-9662361,1/53,0.4133717413870322,0.5197414572669589,0,0,1.9083880943177425,1.6858852917962188,EPS8L2
Reactome_2022,Signaling By Type 1 Insulin-like Growth Factor 1 Receptor (IGF1R) R-HSA-2404192,1/53,0.4133717413870322,0.5197414572669589,0,0,1.9083880943177425,1.6858852917962188,FGF22
Reactome_2022,Insulin Receptor Signaling Cascade R-HSA-74751,1/53,0.4133717413870322,0.5197414572669589,0,0,1.9083880943177425,1.6858852917962188,FGF22
Reactome_2022,Nuclear Receptor Transcription Pathway R-HSA-383280,1/53,0.4133717413870322,0.5197414572669589,0,0,1.9083880943177425,1.6858852917962188,RORA
Reactome_2022,Interleukin-12 Family Signaling R-HSA-447115,1/54,0.4192535996279672,0.5260363536041928,0,0,1.8722859580923483,1.627539412897697,TALDO1
Reactome_2022,Intrinsic Pathway For Apoptosis R-HSA-109606,1/55,0.4250767749174149,0.53223154526118,0,0,1.8375209380234503,1.5719724807707876,DYNLL1
Reactome_2022,Meiotic Recombination R-HSA-912446,1/56,0.4308418497249187,0.5383283818808235,0,0,1.8040201005025125,1.5190105312629705,H2AJ
Reactome_2022,RHOA GTPase Cycle R-HSA-8980692,2/147,0.433457636286527,0.5404731108054,0,0,1.369209334726576,1.1446058954410874,PGRMC2;HMOX2
Reactome_2022,Regulated Necrosis R-HSA-5218859,1/57,0.4365494010474847,0.5409612165557491,0,0,1.7717157214644652,1.4684931926330618,CHMP4C
Reactome_2022,Cytoprotection By HMOX1 R-HSA-9707564,1/57,0.4365494010474847,0.5409612165557491,0,0,1.7717157214644652,1.4684931926330618,HMOX2
Reactome_2022,Signaling By ERBB4 R-HSA-1236394,1/57,0.4365494010474847,0.5409612165557491,0,0,1.7717157214644652,1.4684931926330618,BTC
Reactome_2022,Arachidonic Acid Metabolism R-HSA-2142753,1/59,0.4477942115947188,0.5503564850070062,0,0,1.7104487957026513,1.3742113392020114,HPGD
Reactome_2022,B-WICH Complex Positively Regulates rRNA Expression R-HSA-5250924,1/59,0.4477942115947188,0.5503564850070062,0,0,1.7104487957026513,1.3742113392020114,H2AJ
Reactome_2022,RNA Polymerase I Promoter Escape R-HSA-73772,1/59,0.4477942115947188,0.5503564850070062,0,0,1.7104487957026513,1.3742113392020114,H2AJ
Reactome_2022,Transcriptional Regulation Of Granulopoiesis R-HSA-9616222,1/59,0.4477942115947188,0.5503564850070062,0,0,1.7104487957026513,1.3742113392020114,H2AJ
Reactome_2022,Formation Of beta-catenin:TCF Transactivating Complex R-HSA-201722,1/60,0.4533325962584122,0.5542284821774948,0,0,1.681372966527553,1.330183274831934,H2AJ
Reactome_2022,Meiotic Synapsis R-HSA-1221632,1/60,0.4533325962584122,0.5542284821774948,0,0,1.681372966527553,1.330183274831934,H2AJ
Reactome_2022,Cellular Response To Starvation R-HSA-9711097,2/153,0.4537111701020423,0.5542284821774948,0,0,1.314402301157268,1.0387648733741028,ATP6V1G1;ATP6V1C2
Reactome_2022,DNA Damage/Telomere Stress Induced Senescence R-HSA-2559586,1/61,0.4588157080798082,0.5570671526383126,0,0,1.6532663316582914,1.288070804786777,H2AJ
Reactome_2022,Signaling By FGFR In Disease R-HSA-1226099,1/61,0.4588157080798082,0.5570671526383126,0,0,1.6532663316582914,1.288070804786777,FGF22
Reactome_2022,Nuclear Events (Kinase And Transcription Factor Activation) R-HSA-198725,1/61,0.4588157080798082,0.5570671526383126,0,0,1.6532663316582914,1.288070804786777,PPP2R1B
Reactome_2022,Pre-NOTCH Transcription And Translation R-HSA-1912408,1/62,0.4642440960951576,0.5613897419581283,0,0,1.6260812258011368,1.2477649663473405,H2AJ
Reactome_2022,MAP Kinase Activation R-HSA-450294,1/62,0.4642440960951576,0.5613897419581283,0,0,1.6260812258011368,1.2477649663473405,PPP2R1B
Reactome_2022,Regulation Of TP53 Activity R-HSA-5633007,2/157,0.4669832454160993,0.5635681335242484,0,0,1.280221570544151,0.9748399482603152,PPP2R1B;CSNK2B
Reactome_2022,Signaling By MET R-HSA-6806834,1/63,0.4696183035751055,0.5656124257487744,0,0,1.5997730588426,1.2091645247691418,SPINT1
Reactome_2022,Semaphorin Interactions R-HSA-373755,1/64,0.4749388686968527,0.5708765201736169,0,0,1.574300071787509,1.1721753146425786,MYH14
Reactome_2022,FOXO-mediated Transcription R-HSA-9614085,1/65,0.4802063242660991,0.5749083682946725,0,0,1.5496231155778897,1.1367096495006708,CITED2
Reactome_2022,Mitochondrial Protein Import R-HSA-1268020,1/65,0.4802063242660991,0.5749083682946725,0,0,1.5496231155778897,1.1367096495006708,TOMM5
Reactome_2022,Signaling By Nuclear Receptors R-HSA-9006931,3/260,0.4833003012573331,0.5765594936165068,0,0,1.1580122064429477,0.8420104504443533,BTC;SDR16C5;H2AJ
Reactome_2022,Gene Expression (Transcription) R-HSA-74160,15/1449,0.4835041344138427,0.5765594936165068,0,0,1.0384484903313356,0.7546357546792486,BNIP3L;PRELID1;SERPINB13;PSMD14;CITED2;CITED4;RORA;CTSV;PSMD8;PSMB7;H2AJ;PSMC3;PPP2R1B;PERP;CSNK2B
Reactome_2022,RUNX1 Regulates Genes Involved In Megakaryocyte Differentiation And Platelet Function R-HSA-8936459,1/66,0.4854211976341649,0.5776992866893725,0,0,1.525705450328566,1.1026857881843173,H2AJ
Reactome_2022,Sensory Processing Of Sound By Inner Hair Cells Of Cochlea R-HSA-9662360,1/67,0.4905840112592053,0.5826897050726925,0,0,1.5025125628140703,1.0700274503610792,EPS8L2
Reactome_2022,Circadian Clock R-HSA-400253,1/69,0.500755522308534,0.5912653613112553,0,0,1.4581732190363583,1.0085269537658983,RORA
Reactome_2022,Interleukin-17 Signaling R-HSA-448424,1/69,0.500755522308534,0.5912653613112553,0,0,1.4581732190363583,1.0085269537658983,PPP2R1B
Reactome_2022,Loss Of Nlp From Mitotic Centrosomes R-HSA-380259,1/69,0.500755522308534,0.5912653613112553,0,0,1.4581732190363583,1.0085269537658983,DYNLL1
Reactome_2022,Diseases Of Programmed Cell Death R-HSA-9645723,1/71,0.5107249334696091,0.6018542843435982,0,0,1.416367552045944,0.9516915272016224,H2AJ
Reactome_2022,AURKA Activation By TPX2 R-HSA-8854518,1/72,0.5156351033007534,0.6029118620306474,0,0,1.396347936867436,0.9248793332622998,DYNLL1
Reactome_2022,Base Excision Repair R-HSA-73884,1/72,0.5156351033007534,0.6029118620306474,0,0,1.396347936867436,0.9248793332622998,H2AJ
Reactome_2022,Signaling By FGFR2 R-HSA-5654738,1/72,0.5156351033007534,0.6029118620306474,0,0,1.396347936867436,0.9248793332622998,FGF22
Reactome_2022,Interferon Alpha/Beta Signaling R-HSA-909733,1/72,0.5156351033007534,0.6029118620306474,0,0,1.396347936867436,0.9248793332622998,HOXC13
Reactome_2022,Extra-nuclear Estrogen Signaling R-HSA-9009391,1/73,0.5204962404113022,0.6064725504402331,0,0,1.3768844221105527,0.8990678202624621,BTC
Reactome_2022,Organelle Biogenesis And Maintenance R-HSA-1852241,3/275,0.5206985624411984,0.6064725504402331,0,0,1.0933114362496268,0.7134775280501673,DYNLRB1;DYNLL1;RAB11A
Reactome_2022,Ion Channel Transport R-HSA-983712,2/175,0.5242613328384474,0.6071357845935514,0,0,1.1459683540608396,0.7400262452135655,ATP6V1G1;ATP6V1C2
Reactome_2022,Positive Epigenetic Regulation Of rRNA Expression R-HSA-5250913,1/74,0.5253088319278648,0.6071357845935514,0,0,1.3579541543333105,0.8742087038575203,H2AJ
Reactome_2022,RHOG GTPase Cycle R-HSA-9013408,1/74,0.5253088319278648,0.6071357845935514,0,0,1.3579541543333105,0.8742087038575203,PGRMC2
Reactome_2022,NoRC Negatively Regulates rRNA Expression R-HSA-427413,1/74,0.5253088319278648,0.6071357845935514,0,0,1.3579541543333105,0.8742087038575203,H2AJ
Reactome_2022,Sensory Processing Of Sound R-HSA-9659379,1/75,0.5300733603880184,0.6102951907915691,0,0,1.3395355154149124,0.8502565938086776,EPS8L2
Reactome_2022,Nuclear Envelope (NE) Reassembly R-HSA-2995410,1/75,0.5300733603880184,0.6102951907915691,0,0,1.3395355154149124,0.8502565938086776,CHMP4C
Reactome_2022,Transcriptional Regulation By Small RNAs R-HSA-5578749,1/76,0.5347903032317255,0.6145487040961128,0,0,1.321608040201005,0.8271687875669174,H2AJ
Reactome_2022,Negative Epigenetic Regulation Of rRNA Expression R-HSA-5250941,1/77,0.5394601334395485,0.6182171824108061,0,0,1.3041523406506217,0.8049050782659102,H2AJ
Reactome_2022,SARS-CoV-2 Infection R-HSA-9694516,3/283,0.5400399679961284,0.6182171824108061,0,0,1.0616388687454676,0.6540885819056664,CHMP4C;HOXC13;GOLGA7
Reactome_2022,Intra-Golgi And Retrograde Golgi-to-ER Traffic R-HSA-6811442,2/181,0.542419823769602,0.6189569265647819,0,0,1.10721742565318,0.6773015017493654,RAB18;DYNLL1
Reactome_2022,Pre-NOTCH Expression And Processing R-HSA-1912422,1/78,0.544083319204552,0.6189569265647819,0,0,1.2871500358937544,0.7834275809102157,H2AJ
Reactome_2022,RNA Polymerase I Promoter Clearance R-HSA-73854,1/78,0.544083319204552,0.6189569265647819,0,0,1.2871500358937544,0.7834275809102157,H2AJ
Reactome_2022,Metabolism Of Carbohydrates R-HSA-71387,3/285,0.5448056807866383,0.6189569265647819,0,0,1.0540015120423372,0.640122624449019,PPP2R1B;PGP;TALDO1
Reactome_2022,Amyloid Fiber Formation R-HSA-977225,1/79,0.5486603241296241,0.6209884271222299,0,0,1.2705836876691148,0.7627005714660321,TSPAN5
Reactome_2022,RNA Polymerase I Transcription R-HSA-73864,1/79,0.5486603241296241,0.6209884271222299,0,0,1.2705836876691148,0.7627005714660321,H2AJ
Reactome_2022,COPI-mediated Anterograde Transport R-HSA-6807878,1/80,0.5531916072648388,0.6237676472160754,0,0,1.254436740665352,0.7426903392796255,DYNLL1
Reactome_2022,Recruitment Of NuMA To Mitotic Centrosomes R-HSA-380320,1/80,0.5531916072648388,0.6237676472160754,0,0,1.254436740665352,0.7426903392796255,DYNLL1
Reactome_2022,Metabolism Of Vitamins And Cofactors R-HSA-196854,2/186,0.5571827441654297,0.6241419951314482,0,0,1.0768555116381204,0.6298118751293473,MTHFD2L;MMADHC
Reactome_2022,Centrosome Maturation R-HSA-380287,1/81,0.5576776229377498,0.6241419951314482,0,0,1.2386934673366834,0.7233650516865618,DYNLL1
Reactome_2022,DDX58/IFIH1-mediated Induction Of Interferon-Alpha/Beta R-HSA-168928,1/81,0.5576776229377498,0.6241419951314482,0,0,1.2386934673366834,0.7233650516865618,HOXC13
Reactome_2022,Senescence-Associated Secretory Phenotype (SASP) R-HSA-2559582,1/81,0.5576776229377498,0.6241419951314482,0,0,1.2386934673366834,0.7233650516865618,H2AJ
Reactome_2022,PI Metabolism R-HSA-1483255,1/82,0.5621188211968801,0.6277529082227167,0,0,1.2233389168062534,0.7046946278996441,GDPD3
Reactome_2022,ESR-mediated Signaling R-HSA-8939211,2/188,0.5629930408187093,0.6277529082227167,0,0,1.065167807103291,0.6119261357459725,BTC;H2AJ
Reactome_2022,Platelet Homeostasis R-HSA-418346,1/83,0.5665156476761636,0.630510933802545,0,0,1.208358867508273,0.6866506239569532,PPP2R1B
Reactome_2022,Signaling By FGFR R-HSA-190236,1/86,0.5794442849420854,0.6437079764328898,0,0,1.1655335501034585,0.636015065932131,FGF22
Reactome_2022,RAC2 GTPase Cycle R-HSA-9013404,1/87,0.5836679914950987,0.6460119021888662,0,0,1.1519224027112305,0.6202214761277236,PGRMC2
Reactome_2022,Regulation Of PLK1 Activity At G2/M Transition R-HSA-2565942,1/87,0.5836679914950987,0.6460119021888662,0,0,1.1519224027112305,0.6202214761277236,DYNLL1
Reactome_2022,Opioid Signaling R-HSA-111885,1/88,0.5878494885157634,0.6482523717394014,0,0,1.138624155259054,0.6049331780092367,PPP2R1B
Reactome_2022,Meiosis R-HSA-1500620,1/88,0.5878494885157634,0.6482523717394014,0,0,1.138624155259054,0.6049331780092367,H2AJ
Reactome_2022,RAB GEFs Exchange GTP For GDP On RABs R-HSA-8876198,1/89,0.591989195722158,0.6504305422833949,0,0,1.1256281407035176,0.5901295699518402,RAB18
Reactome_2022,Unfolded Protein Response (UPR) R-HSA-381119,1/89,0.591989195722158,0.6504305422833949,0,0,1.1256281407035176,0.5901295699518402,ACADVL
Reactome_2022,Chaperonin-mediated Protein Folding R-HSA-390466,1/90,0.5960875287025766,0.652547549636154,0,0,1.1129241714188922,0.5757910883551692,CSNK2B
Reactome_2022,Regulation Of TP53 Activity Thru Phosphorylation R-HSA-6804756,1/90,0.5960875287025766,0.652547549636154,0,0,1.1129241714188922,0.5757910883551692,CSNK2B
Reactome_2022,Activation Of HOX Genes During Differentiation R-HSA-5619507,1/91,0.6001448988156681,0.6534186307757547,0,0,1.100502512562814,0.5618991453376235,H2AJ
Reactome_2022,Signaling By TGF-beta Receptor Complex R-HSA-170834,1/91,0.6001448988156681,0.6534186307757547,0,0,1.100502512562814,0.5618991453376235,BAMBI
Reactome_2022,HCMV Late Events R-HSA-9610379,1/91,0.6001448988156681,0.6534186307757547,0,0,1.100502512562814,0.5618991453376235,CHMP4C
Reactome_2022,Telomere Maintenance R-HSA-157579,1/92,0.6041617136020576,0.6566025133360518,0,0,1.0883538571980782,0.5484360698708618,H2AJ
Reactome_2022,Oxidative Stress Induced Senescence R-HSA-2559580,1/93,0.6081383763355012,0.657358208952583,0,0,1.0764693030369237,0.5353850545471538,H2AJ
Reactome_2022,RAC3 GTPase Cycle R-HSA-9013423,1/93,0.6081383763355012,0.657358208952583,0,0,1.0764693030369237,0.5353850545471538,PGRMC2
Reactome_2022,VEGFA-VEGFR2 Pathway R-HSA-4420097,1/93,0.6081383763355012,0.657358208952583,0,0,1.0764693030369237,0.5353850545471538,HOXC13
Reactome_2022,Drug ADME R-HSA-9748784,1/95,0.6159728391110465,0.6646313757733194,0,0,1.0534587832780926,0.5104559909803796,GGT6
Reactome_2022,Protein Folding R-HSA-391251,1/96,0.6198314260741546,0.6664019446700661,0,0,1.0423168473948692,0.4985482066164667,CSNK2B
Reactome_2022,HCMV Early Events R-HSA-9609690,1/96,0.6198314260741546,0.6664019446700661,0,0,1.0423168473948692,0.4985482066164667,DYNLL1
Reactome_2022,Metabolism Of Proteins R-HSA-392499,18/1890,0.6221079532173004,0.6676551426492813,0,0,0.9471682163989856,0.4495654785002905,OTUB2;PSMD14;RORA;IDE;UCHL3;LYPD5;DYNLL1;RAB11A;PSMD8;FAM110A;PSMB7;CDC34;PSMC3;GAN;CSNK2B;RAB18;TSPAN5;LY6G6C
Reactome_2022,Visual Phototransduction R-HSA-2187338,1/98,0.6274332493027582,0.6721700228715823,0,0,1.0207221675387246,0.4757769643136218,SDR9C7
Reactome_2022,Potassium Channels R-HSA-1296071,1/102,0.642186106799596,0.6855308173828725,0,0,0.9800985123637992,0.4340632175669919,KCNK6
Reactome_2022,Signaling By VEGF R-HSA-194138,1/102,0.642186106799596,0.6855308173828725,0,0,0.9800985123637992,0.4340632175669919,HOXC13
Reactome_2022,Interleukin-4 And Interleukin-13 Signaling R-HSA-6785807,1/107,0.6598123057378238,0.7030978648021845,0,0,0.933630416232104,0.388203405372955,RORA
Reactome_2022,Gene Silencing By RNA R-HSA-211000,1/108,0.6632324670568477,0.7054915269047176,0,0,0.9248579345324754,0.3797741558133871,H2AJ
Reactome_2022,Disease R-HSA-1643685,16/1736,0.6708360549952125,0.7123188499154112,0,0,0.9140546006066734,0.3649184763518244,PSMD14;TALDO1;HOXC13;DYNLL1;PSMD8;BTC;FAM110A;PSMB7;H2AJ;PSMC3;PPP2R1B;RPS6KB2;CHMP4C;GOLGA7;FGF22;MMADHC
Reactome_2022,Reproduction R-HSA-1474165,1/113,0.6798268039735822,0.7205924324305519,0,0,0.8833452979181622,0.3408981557475202,H2AJ
Reactome_2022,Signaling By NTRK1 (TRKA) R-HSA-187037,1/114,0.683046714602197,0.7227307666829584,0,0,0.8754836127540356,0.3337273716848506,PPP2R1B
Reactome_2022,Epigenetic Regulation Of Gene Expression R-HSA-212165,1/116,0.6893901914288371,0.728160817308842,0,0,0.8601704173039109,0.3199385396662478,H2AJ
Reactome_2022,Estrogen-dependent Gene Expression R-HSA-9018519,1/119,0.6986693101557254,0.7353769796910525,0,0,0.8381739204497062,0.3005505089455322,H2AJ
Reactome_2022,Signaling By TGFB Family Members R-HSA-9006936,1/119,0.6986693101557254,0.7353769796910525,0,0,0.8381739204497062,0.3005505089455322,BAMBI
Reactome_2022,SARS-CoV-2 Activates/Modulates Innate And Adaptive Immune Responses R-HSA-9705671,1/121,0.7047016248848418,0.7404295044681641,0,0,0.8241206030150754,0.2884263820632575,HOXC13
Reactome_2022,Diseases Of Metabolism R-HSA-5668914,2/247,0.7099322090701349,0.7446234863021833,0,0,0.8062255205112348,0.2762014098360295,TALDO1;MMADHC
Reactome_2022,Platelet Degranulation R-HSA-114608,1/125,0.7164081282131235,0.7493992140712283,0,0,0.7973739666072297,0.2659284143992235,TEX264
Reactome_2022,SARS-CoV Infections R-HSA-9679506,3/369,0.7169792813493449,0.7493992140712283,0,0,0.8086044769909295,0.2690294492980863,CHMP4C;HOXC13;GOLGA7
Reactome_2022,Cardiac Conduction R-HSA-5576891,1/126,0.7192618685309876,0.7504798315748672,0,0,0.7909547738693468,0.2606431490060761,KCNK6
Reactome_2022,Response To Elevated Platelet Cytosolic Ca2+ R-HSA-76005,1/130,0.7303939147263233,0.760774250867453,0,0,0.7662732265981068,0.2407410413206643,TEX264
Reactome_2022,Signaling By NTRKs R-HSA-166520,1/132,0.7357941059880472,0.7650731102055647,0,0,0.7544976792358741,0.2314836202546984,PPP2R1B
Reactome_2022,ER To Golgi Anterograde Transport R-HSA-199977,1/133,0.7384537036728938,0.7665123936224683,0,0,0.7487437185929648,0.2270167509014778,DYNLL1
Reactome_2022,Neuronal System R-HSA-112316,3/386,0.7449559793646104,0.7719285234450532,0,0,0.7720374812792409,0.2273111117657325,KCNK6;HOMER2;DLGAP4
Reactome_2022,Late Phase Of HIV Life Cycle R-HSA-162599,1/136,0.7462737148219287,0.7719629993252652,0,0,0.7319932998324958,0.2142272351530403,CHMP4C
Reactome_2022,Infectious Disease R-HSA-5663205,8/961,0.7503644304974545,0.7748608637954815,0,0,0.8240206365862189,0.2366556640554008,PSMD8;PSMB7;PSMC3;PSMD14;CHMP4C;HOXC13;DYNLL1;GOLGA7
Reactome_2022,HIV Life Cycle R-HSA-162587,1/149,0.777558641095328,0.8015655974241719,0,0,0.6672551948933858,0.1678788815691765,CHMP4C
Reactome_2022,Transport To Golgi And Subsequent Modification R-HSA-948021,1/164,0.8089149773235216,0.8324621598825968,0,0,0.6053889077288281,0.128379657736663,DYNLL1
Reactome_2022,Cellular Senescence R-HSA-2559583,1/165,0.8108416098036432,0.8330184743452812,0,0,0.6016668709400662,0.1261590415104338,H2AJ
Reactome_2022,SUMO E3 Ligases SUMOylate Target Proteins R-HSA-3108232,1/168,0.8165063001156674,0.837406632029891,0,0,0.5907682123190804,0.1197609163547349,RORA
Reactome_2022,RHO GTPase Cycle R-HSA-9012999,3/441,0.8206253016507258,0.8401972849950361,0,0,0.6731798901328141,0.1330800346863064,PGRMC2;HOMER2;HMOX2
Reactome_2022,SUMOylation R-HSA-2990846,1/174,0.8273342321436886,0.8456256352353009,0,0,0.5701048595579051,0.1080613895941531,RORA
Reactome_2022,Hemostasis R-HSA-109582,4/576,0.8314664153574061,0.848406308369781,0,0,0.6860282574568289,0.1266163742338837,FAM110A;PPP2R1B;TEX264;SERPINB8
Reactome_2022,SARS-CoV-2-host Interactions R-HSA-9705683,1/196,0.8618716082753269,0.8764548842190718,0,0,0.5052183996907615,0.075100192580976,HOXC13
Reactome_2022,Muscle Contraction R-HSA-397014,1/196,0.8618716082753269,0.8764548842190718,0,0,0.5052183996907615,0.075100192580976,KCNK6
Reactome_2022,Interferon Signaling R-HSA-913531,1/200,0.8673678080217752,0.8805541429410251,0,0,0.49496224842807,0.0704292481681379,HOXC13
Reactome_2022,Metabolism Of RNA R-HSA-8953854,4/666,0.903697607661656,0.915889143684073,0,0,0.5899870522227018,0.059742371717316,PSMD8;PSMB7;PSMC3;PSMD14
Reactome_2022,Chromatin Modifying Enzymes R-HSA-3247509,1/238,0.9098537308828673,0.9205759128966382,0,0,0.4147954964696902,0.0391863227484248,H2AJ
Reactome_2022,"Platelet Activation, Signaling And Aggregation R-HSA-76002",1/254,0.9233979821458576,0.932709558436404,0,0,0.38824557570461,0.0309412133568371,TEX264
Reactome_2022,Asparagine N-linked Glycosylation R-HSA-446203,1/282,0.9424077253042356,0.9503138303822912,0,0,0.3490584595575743,0.020705194416427,DYNLL1
Reactome_2022,DNA Repair R-HSA-73894,1/310,0.9567174492841332,0.9623962156230792,0,0,0.3169732155925257,0.0140251701108881,H2AJ
Reactome_2022,G Alpha (I) Signaling Events R-HSA-418594,1/312,0.9575922411690538,0.9623962156230792,0,0,0.3149024867100777,0.0136457409844075,PPP2R1B
Reactome_2022,Sensory Perception R-HSA-9709957,2/616,0.9862139658124416,0.9895068338118156,0,0,0.3156318889217912,0.0043815842239424,SDR9C7;EPS8L2
Reactome_2022,GPCR Downstream Signaling R-HSA-388396,1/619,0.9981970032728767,0.9991273347341084,0,0,0.1559740449821925,0.00028147451775639254,PPP2R1B
Reactome_2022,Signaling By GPCR R-HSA-372790,1/689,0.9991273347341084,0.9991273347341084,0,0,0.1395933154142807,0.00012187142192870463,PPP2R1B
