cluster,cell_type,compound,rev_score_sum,rev_score_max,best_p,hits
9,cluster_9,LJP005 SKBR3 24H-withaferin-a-3.33,32.10746575005005,32.50937295954215,3.094760466920995e-33,4
9,cluster_9,LJP006 MDAMB231 3H-QL-XII-47-10,29.993920242205697,30.957058335420605,1.1039303275154338e-31,4
9,cluster_9,LJP009 PC3 24H-chelerythrine chloride-10,29.844470406716002,30.575027173782615,2.660558583581704e-31,3
13,cluster_13,LJP006 HME1 24H-gefitinib-0.37,22.42540261962407,30.194576776802826,6.3888578186346265e-31,4
9,cluster_9,LJP005 PC3 24H-foretinib-10,29.27044182829563,29.98134984148959,1.0438789943711044e-30,3
1,cluster_1,LJP005 SKBR3 24H-withaferin-a-3.33,25.591915338878202,29.65477662016694,2.2142333100407565e-30,4
11,cluster_11,LJP005 SKBR3 24H-withaferin-a-3.33,30.546027211826342,29.643493794937715,2.272512103973544e-30,3
17,cluster_17,LJP006 MDAMB231 3H-QL-XII-47-10,29.322879720699717,29.10485287532432,7.855016916602174e-30,3
9,cluster_9,LJP005 SKBR3 3H-LDN-193189-10,26.350101638556872,28.684657892667754,2.0670077612624908e-29,3
9,cluster_9,LJP005 HCC515 24H-LDN-193189-10,28.045199207707547,28.661623861288312,2.179596685039309e-29,4
9,cluster_9,LJP005 HCC515 24H-WZ-3105-0.37,27.116580826501895,28.466501220382952,3.415849908187253e-29,3
9,cluster_9,LJP006 SKBR3 3H-BI-2536-10,28.590162556733205,28.208505299311156,6.187207778051715e-29,3
7,cluster_7,LJP006 HME1 24H-PD-0325901-1.11,27.322608043080457,27.793095082994682,1.6102930443592751e-28,4
17,cluster_17,LJP006 SKBR3 3H-BI-2536-10,26.943612509434544,27.63206758520227,2.333094956206473e-28,4
11,cluster_11,LJP006 SKBR3 3H-BI-2536-10,30.47168631054765,27.611484736895083,2.446331249868508e-28,4
9,cluster_9,LJP006 HT29 24H-celastrol-10,26.999609401357535,27.59092867904209,2.564905217271204e-28,3
11,cluster_11,LJP009 PC3 24H-chelerythrine chloride-10,29.18953068885732,27.560030129761063,2.75403763166285e-28,4
9,cluster_9,LJP006 HA1E 24H-radicicol-10,27.353641005782944,27.31060745622324,4.890942349948592e-28,3
9,cluster_9,LJP005 MCF10A 24H-LDN-193189-10,29.440789154547016,27.214614944506785,6.100775663455938e-28,3
9,cluster_9,LJP006 SKBR3 24H-withaferin-a-3.33,26.68803907530871,27.101361951949347,7.918411150882573e-28,4
2,cluster_2,LJP006 MCF10A 24H-AS-605240-10,26.065587154163794,27.068631803701706,8.538236817943304e-28,4
9,cluster_9,LJP005 HT29 24H-LDN-193189-10,22.476362868455645,27.064526477625716,8.619330276447691e-28,4
9,cluster_9,LJP006 A375 24H-radicicol-10,26.264950191872853,26.9251009747486,1.1882259292833102e-27,3
9,cluster_9,LJP006 HME1 3H-QL-XII-47-3.33,25.27890604670845,26.648155278542024,2.2482506179659668e-27,4
11,cluster_11,LJP006 MDAMB231 3H-QL-XII-47-10,25.812448819636963,26.595246123236894,2.539533094235852e-27,4
17,cluster_17,LJP005 HT29 24H-LDN-193189-10,28.45922243553243,26.453326657257623,3.5210593278108236e-27,4
17,cluster_17,LJP005 SKBR3 3H-LDN-193189-3.33,27.61789111374785,26.354607318471132,4.4196988824033275e-27,4
17,cluster_17,LJP005 SKBR3 24H-withaferin-a-3.33,25.76671604002151,26.185998247209994,6.516310240045555e-27,4
4,cluster_4,LJP006 HME1 3H-alvocidib-0.37,27.048526570471054,26.12649150584572,7.47323250579864e-27,3
19,cluster_19,LJP006 MDAMB231 3H-QL-XII-47-10,25.001706067731227,25.964549020672486,1.085053068147742e-26,3
17,cluster_17,LJP005 SKBR3 3H-LDN-193189-10,24.67174981299989,25.852171345327385,1.405492895499476e-26,3
2,cluster_2,LJP006 MCF10A 24H-gefitinib-10,25.464875460394712,25.757545673272087,1.7476494584097807e-26,4
17,cluster_17,LJP006 HME1 24H-PD-0325901-1.11,26.023104846571353,25.741477899636894,1.813518959815038e-26,4
0,cluster_0,LJP006 HME1 24H-gefitinib-0.37,21.89373960472963,25.6195460371923,2.4013417012403775e-26,4
16,cluster_16,LJP006 HME1 24H-gefitinib-0.37,22.82751004968213,25.614740699169715,2.4280593649175143e-26,4
17,cluster_17,LJP006 HME1 24H-AS-605240-3.33,24.9772675826757,25.463296722981642,3.441147409431716e-26,4
11,cluster_11,LJP006 SKBR3 24H-withaferin-a-3.33,26.309485740476976,25.458261081151633,3.4812797096068724e-26,3
11,cluster_11,LJP006 PC3 24H-withaferin-a-10,28.112096893053824,25.458261081151633,3.4812797096068724e-26,3
17,cluster_17,LJP005 SKBR3 3H-SB590885-10,26.93012086398394,25.189410987776736,6.465304921585789e-26,4
17,cluster_17,LJP006 A549 24H-mitoxantrone-10,21.0092527841654,25.17019980859042,6.757719971928372e-26,3
1,cluster_1,LJP005 HT29 24H-LDN-193189-10,27.77009768738973,25.09934076918838,7.955348889644582e-26,4
1,cluster_1,LJP006 SKBR3 24H-withaferin-a-3.33,24.1756218912745,25.09934076918838,7.955348889644582e-26,4
19,cluster_19,LJP006 SKBR3 3H-BI-2536-10,26.86721073148331,24.551397334085607,2.8093294113326635e-25,4
7,cluster_7,LJP005 HCC515 24H-WZ-3105-0.12,24.312522782302757,24.36803536546462,4.285136242587568e-25,3
4,cluster_4,LJP006 HCC515 24H-mitoxantrone-10,30.915009767963696,24.272076534842014,5.344701624966651e-25,3
1,cluster_1,LJP005 SKBR3 3H-LDN-193189-10,24.78328022064481,24.228273337445938,5.911894326410486e-25,4
17,cluster_17,LJP005 SKBR3 24H-withaferin-a-10,23.34304053205327,24.14403617172538,7.1773450976860235e-25,3
2,cluster_2,LJP006 HME1 24H-PD-0325901-1.11,25.322962835398062,23.917953859437873,1.2079421631701842e-24,4
17,cluster_17,LJP006 A375 24H-radicicol-10,23.610886430209103,23.895651773721152,1.2715932862946567e-24,2
16,cluster_16,LJP006 HME1 24H-selumetinib-10,21.726330333115556,23.890650217382305,1.2863222522500508e-24,4
13,cluster_13,LJP006 HME1 24H-selumetinib-10,18.22041918745838,23.85392335835655,1.3998343350088042e-24,3
17,cluster_17,LJP005 SKBR3 3H-withaferin-a-3.33,20.388550283207145,23.835519417206243,1.4604294525175427e-24,4
7,cluster_7,LJP005 HEPG2 24H-foretinib-10,21.003973224265987,23.796970154917616,1.5959888211635291e-24,3
11,cluster_11,LJP006 SKBR3 3H-withaferin-a-3.33,24.07987514405079,23.79437111842614,1.6055686572293852e-24,3
2,cluster_2,LJP006 HME1 24H-AS-605240-3.33,21.65317524474021,23.753376696917805,1.7645066647563962e-24,4
11,cluster_11,LJP006 LNCAP 24H-BMS-345541-10,24.248513295227177,23.739569775821924,1.8215043980007604e-24,3
11,cluster_11,LJP006 A375 24H-radicicol-10,23.704627539749755,23.739569775821924,1.8215043980007604e-24,4
11,cluster_11,LJP006 LNCAP 3H-withaferin-a-10,24.29330673797546,23.688986902464077,2.0465063547234893e-24,4
17,cluster_17,LJP005 HCC515 24H-withaferin-a-10,21.439083328431707,23.63625754819705,2.310694080637143e-24,4
0,cluster_0,LJP005 MCF10A 24H-geldanamycin-0.04,25.042723809172635,23.59674480470851,2.530784671142648e-24,4
0,cluster_0,LJP005 HCC515 24H-WZ-3105-10,23.576870029757423,23.59674480470851,2.530784671142648e-24,4
11,cluster_11,LJP005 HCC515 24H-withaferin-a-10,23.89085416652424,23.51093934936985,3.0836185574936234e-24,4
17,cluster_17,LJP006 SKBR3 3H-JW-7-24-1-10,22.125723368670215,23.288247229230176,5.149354257247449e-24,4
1,cluster_1,LJP005 HCC515 24H-withaferin-a-10,21.922270939444306,23.17979949377687,6.6099854912771615e-24,4
2,cluster_2,LJP006 MCF10A 24H-gefitinib-3.33,21.076139876033324,22.810448782325548,1.547216961209799e-23,4
22,cluster_22,LJP006 A375 24H-radicicol-10,17.399466592855735,22.7864398201095,1.635159718400082e-23,3
0,cluster_0,LJP005 A375 24H-PD-184352-0.04,23.57019665036175,22.676232577279023,2.107499220774256e-23,4
3,cluster_3,LJP006 HME1 24H-XMD-1150-10,26.066360499177364,22.627773941535224,2.3562754505373734e-23,4
16,cluster_16,LJP006 HME1 24H-PD-0325901-1.11,21.417369487084436,22.54648850264814,2.8412634025465106e-23,4
4,cluster_4,LJP006 HME1 3H-alvocidib-3.33,26.156503358532543,22.526732174772306,2.973499194771823e-23,2
13,cluster_13,LJP006 HME1 24H-selumetinib-1.11,18.003640961158997,22.373881471954398,4.227839851116595e-23,4
4,cluster_4,LJP006 HS578T 3H-A443654-3.33,23.588575697426947,22.365278728951093,4.312422179767871e-23,4
4,cluster_4,LJP005 A375 24H-PLX-4720-0.37,24.243923436345185,22.33718037798632,4.6006545230497654e-23,4
4,cluster_4,LJP005 A375 24H-PD-184352-0.04,23.309796481447002,22.33718037798632,4.6006545230497654e-23,3
0,cluster_0,LJP006 HA1E 24H-CGP-60474-3.33,22.271938165824817,22.33658912164973,4.6069222025502666e-23,4
13,cluster_13,LJP006 HME1 24H-canertinib-0.12,20.600183754579508,22.308591470366377,4.9136987781054726e-23,3
7,cluster_7,LJP005 HCC515 24H-trametinib-10,21.173837881206147,22.308321770841147,4.9167511627282653e-23,4
2,cluster_2,LJP006 MCF10A 24H-AS-605240-1.11,21.013217115685247,22.20310684064061,6.26459730564544e-23,4
0,cluster_0,LJP005 MCF7 24H-CGP-60474-3.33,25.584756665896954,22.18863290932307,6.476898491553649e-23,4
7,cluster_7,LJP006 HME1 24H-PD-0325901-3.33,21.008169897443473,22.170584191208278,6.751741537872236e-23,4
7,cluster_7,LJP006 HME1 24H-PD-0325901-0.12,21.022227201992877,22.163001691266306,6.870657643794086e-23,4
7,cluster_7,LJP006 A375 24H-radicicol-10,18.581065536707587,22.163001691266306,6.870657643794086e-23,3
0,cluster_0,LJP006 HA1E 24H-mitoxantrone-3.33,21.928990007910055,22.013021369977285,9.704622133214452e-23,4
11,cluster_11,LJP005 SKBR3 3H-SB590885-10,22.538965929132054,21.977254341693165,1.0537695824541666e-22,4
0,cluster_0,LJP006 MCF10A 24H-GSK-2126458-1.11,23.005280059465147,21.943305598382018,1.1394477144651516e-22,4
4,cluster_4,LJP006 MDAMB231 3H-BMS-345541-10,21.451176064582178,21.910030968110924,1.2301810475208876e-22,4
7,cluster_7,LJP005 MCF10A 24H-PD-184352-0.37,19.981104792501235,21.87363784036267,1.3377105729283502e-22,4
1,cluster_1,LJP005 HEPG2 24H-pelitinib-10,22.063018887208116,21.818180188590713,1.519916786083713e-22,4
11,cluster_11,LJP006 HS578T 3H-withaferin-a-10,21.540507426250908,21.77833877642773,1.6659471642270706e-22,3
11,cluster_11,LJP006 LNCAP 3H-celastrol-3.33,21.03186534891237,21.77833877642773,1.6659471642270706e-22,4
14,cluster_14,LJP006 HA1E 24H-JW-7-24-1-10,21.312040480058048,21.76253831076201,1.727673569153001e-22,3
22,cluster_22,LJP005 HCC515 24H-WZ-3105-0.12,21.022601327829467,21.64901084306747,2.2438259012902508e-22,4
4,cluster_4,LJP006 HME1 24H-gefitinib-0.37,16.295225153804736,21.63447451594622,2.3202003290797766e-22,3
0,cluster_0,LJP006 HA1E 24H-alvocidib-3.33,23.499173392949647,21.619542466032907,2.4013614473103405e-22,4
7,cluster_7,LJP006 HME1 24H-AS-605240-3.33,21.51500977016155,21.39235318454821,4.0517889476685386e-22,4
4,cluster_4,LJP006 HME1 3H-CGP-60474-3.33,21.48569262592276,21.380099014910563,4.1677435214596364e-22,4
11,cluster_11,LJP005 SKBR3 24H-radicicol-10,20.671731064824545,21.361195606824758,4.353157627135358e-22,4
0,cluster_0,LJP005 MCF10A 24H-radicicol-1.11,20.58682967170993,21.193432224952126,6.405717399955317e-22,4
0,cluster_0,LJP006 MCF10A 24H-WZ-4-145-3.33,18.057102536146626,21.15556199528752,6.989369567917682e-22,3
1,cluster_1,LJP006 HA1E 24H-AZD-7762-1.11,19.548466596558804,21.097831382559193,7.983045736514968e-22,3
7,cluster_7,LJP006 HME1 24H-PD-0325901-0.37,19.81441339355149,21.044184873142488,9.032648845270802e-22,4
13,cluster_13,LJP005 HCC515 24H-WZ-3105-10,19.456288852057508,21.034090828854367,9.245048017056085e-22,4
2,cluster_2,LJP005 MCF10A 24H-AZD-8330-0.37,19.515931394659134,21.02687049618909,9.400035717734133e-22,4
0,cluster_0,LJP005 A375 24H-PLX-4720-0.04,24.235537326955313,20.99915297498968,1.0019522503262527e-21,4
4,cluster_4,LJP006 HME1 3H-CGP-60474-1.11,20.344616647158517,20.93850672460814,1.152108220464221e-21,4
0,cluster_0,LJP006 A375 24H-selumetinib-10,23.273129093491104,20.903669587145107,1.2483328893518908e-21,4
0,cluster_0,LJP006 HME1 24H-gefitinib-3.33,21.478540108456233,20.903669587145107,1.2483328893518908e-21,4
4,cluster_4,LJP006 MDAMB231 3H-CGP-60474-3.33,23.720732226823927,20.857155263030425,1.389455803151182e-21,3
13,cluster_13,LJP006 LNCAP 24H-BMS-345541-10,20.146472644770068,20.81434223900956,1.5334081281342196e-21,4
0,cluster_0,LJP006 HA1E 24H-CGP-60474-0.37,20.510088542132618,20.812144750909667,1.5411866878287854e-21,4
7,cluster_7,LJP006 HME1 24H-gefitinib-0.37,18.64107700678645,20.759922828622106,1.7381096523837336e-21,4
14,cluster_14,LJP005 HT29 24H-LDN-193189-10,22.04298913623749,20.746365708539688,1.7932229625921e-21,4
6,cluster_6,LJP006 A375 24H-QL-X-138-10,15.948176112477189,20.689726447128553,2.0430243971544296e-21,4
16,cluster_16,LJP006 HME1 24H-PD-0325901-0.37,18.58562131137004,20.68854976885999,2.0485672767694808e-21,4
1,cluster_1,LJP005 SKBR3 3H-withaferin-a-3.33,21.73490874032838,20.66698355892476,2.152863234070822e-21,4
4,cluster_4,LJP005 A375 24H-SB590885-1.11,23.61183127066419,20.665235197262373,2.1615475952781407e-21,4
4,cluster_4,LJP005 MCF7 24H-CGP-60474-3.33,32.10960612154157,20.665235197262373,2.1615475952781407e-21,4
4,cluster_4,LJP005 A375 24H-PLX-4720-0.04,22.037447262273222,20.660100775696982,2.187254024535236e-21,3
10,cluster_10,LJP006 HME1 24H-PD-0325901-1.11,18.845598399084157,20.650864021548134,2.2342716681560346e-21,4
19,cluster_19,LJP005 SKBR3 24H-withaferin-a-3.33,20.76800357618675,20.600883865543384,2.506779499986877e-21,3
4,cluster_4,LJP006 HME1 3H-AZD-5438-3.33,22.489450276757363,20.58896778746219,2.57651225526419e-21,3
13,cluster_13,LJP006 HME1 24H-gefitinib-3.33,19.608916429367447,20.577858363323493,2.6432706679510658e-21,2
2,cluster_2,LJP006 HME1 24H-saracatinib-10,20.843526107852284,20.55498181110651,2.7862378579373907e-21,4
19,cluster_19,LJP006 A375 24H-radicicol-10,19.118405076552484,20.470770154318416,3.382438007363508e-21,4
1,cluster_1,LJP006 HME1 24H-QL-XII-47-1.11,27.73923923633027,20.067402726768705,8.562434715646862e-21,4
13,cluster_13,LJP006 HME1 24H-AS-605240-3.33,12.802325097059835,20.022211688118013,9.501415533598687e-21,4
2,cluster_2,LJP006 MCF10A 24H-afatinib-1.11,18.158377879987963,20.003182283015484,9.926993030785062e-21,4
19,cluster_19,LJP005 MCF7 24H-torin-2-10,19.945683325966165,19.977952223114553,1.052077606876872e-20,4
1,cluster_1,LJP006 HCC515 24H-withaferin-a-10,18.58399041533701,19.970978317172857,1.0691082547818266e-20,4
7,cluster_7,LJP006 HME1 24H-canertinib-0.04,20.705241541895774,19.929415474720354,1.176479936751496e-20,4
2,cluster_2,LJP005 MCF10A 24H-PF-431396-3.33,17.82357058203757,19.922691720032994,1.194835946883993e-20,4
6,cluster_6,LJP006 HS578T 24H-afatinib-10,23.386370069263943,19.906106356394435,1.2413482708171534e-20,4
16,cluster_16,LJP006 HME1 24H-AS-605240-3.33,19.567671625959857,19.854818564487843,1.396951844724159e-20,4
13,cluster_13,LJP006 HME1 24H-canertinib-0.04,18.398226601060205,19.810054783475838,1.548621257907535e-20,4
3,cluster_3,LJP006 SKBR3 24H-XMD-1150-10,17.96566750744994,19.748728827941868,1.7834920264590762e-20,4
19,cluster_19,LJP006 PC3 24H-withaferin-a-10,23.602904232089095,19.731963592679136,1.8536870132527764e-20,4
16,cluster_16,LJP006 HME1 24H-canertinib-0.04,17.91379028209206,19.670690383445912,2.1345661424372028e-20,4
13,cluster_13,LJP006 HME1 24H-PD-0325901-0.37,17.40074321742019,19.669164650788584,2.1420783371658782e-20,3
13,cluster_13,LJP006 HME1 24H-PD-0325901-0.12,16.863463969012173,19.664787102286898,2.1637789809103555e-20,3
6,cluster_6,LJP005 HA1E 24H-mitoxantrone-0.37,20.571171637359967,19.651663765991962,2.2301610883171662e-20,3
6,cluster_6,LJP006 MCF10A 24H-gefitinib-3.33,16.323704925045313,19.651663765991962,2.2301610883171662e-20,4
1,cluster_1,LJP006 SKBR3 24H-BI-2536-10,21.643781597894684,19.640541935285974,2.2880107715848994e-20,4
19,cluster_19,LJP006 SKBR3 24H-radicicol-10,19.728178572475397,19.627743167280876,2.3564424229310988e-20,4
1,cluster_1,LJP005 HEPG2 24H-mitoxantrone-1.11,23.30047838678813,19.616209530846778,2.4198612724835372e-20,4
16,cluster_16,LJP006 HME1 24H-canertinib-0.12,16.154268647344132,19.616103387703394,2.4204527676164806e-20,4
2,cluster_2,LJP006 MCF10A 24H-gefitinib-0.37,16.547611711272207,19.592131208400918,2.5578130075112903e-20,3
16,cluster_16,LJP006 HME1 24H-selumetinib-3.33,18.025751492307073,19.59000134803954,2.570387804335079e-20,4
1,cluster_1,LJP006 HS578T 24H-withaferin-a-10,19.63396580490649,19.565353240066162,2.720487657658085e-20,4
19,cluster_19,LJP006 MCF7 24H-GSK-2126458-3.33,18.752556679352132,19.544117220700468,2.8568193533705877e-20,3
1,cluster_1,LJP006 SKBR3 3H-BI-2536-10,18.830489248855336,19.53571834473722,2.912605432855526e-20,4
6,cluster_6,LJP006 MCF10A 24H-AS-605240-10,14.930439617025803,19.534572379124032,2.920301024931541e-20,4
3,cluster_3,LJP005 SKBR3 3H-LDN-193189-10,21.662369579030106,19.457699839472337,3.485781499004654e-20,4
22,cluster_22,LJP005 HT29 24H-WZ-3105-0.37,16.804224940251615,19.453023865867245,3.523515076710515e-20,4
2,cluster_2,LJP006 MCF10A 24H-afatinib-0.37,18.42164200517889,19.394151967934217,4.035041744439711e-20,4
19,cluster_19,LJP005 PC3 24H-foretinib-10,18.52181351526411,19.390414586297446,4.0699156991405353e-20,3
13,cluster_13,LJP005 HCC515 24H-WZ-3105-0.37,18.516661028408983,19.292617560214886,5.097795854376939e-20,3
1,cluster_1,LJP008 PC3 24H-I-BET151-3.33,12.399427355841617,19.241688971333858,5.732063972306949e-20,4
3,cluster_3,LJP008 PC3 24H-I-BET151-3.33,17.69073646171097,19.100962330225467,7.925700733322102e-20,4
2,cluster_2,LJP009 MCF7 24H-chelerythrine chloride-10,19.935844100980272,19.094964590552834,8.035916389648918e-20,2
2,cluster_2,LJP006 MCF10A 24H-radicicol-0.12,16.693592645464737,18.976838829911802,1.0547782602521708e-19,3
13,cluster_13,LJP006 HA1E 24H-CGP-60474-3.33,17.27428795121754,18.940302214840788,1.1473549275788194e-19,4
13,cluster_13,LJP005 MCF10A 24H-geldanamycin-0.04,16.25816869991397,18.89730996035914,1.266747452697681e-19,4
3,cluster_3,LJP006 HME1 24H-nintedanib-10,19.157010126125964,18.891611045818504,1.2834795524862452e-19,4
14,cluster_14,LJP006 SKBR3 3H-BI-2536-10,15.238820524001225,18.84451988988069,1.4304744662460074e-19,4
7,cluster_7,LJP006 HME1 24H-lapatinib-10,17.491766155817796,18.806028228401615,1.563046044008508e-19,3
19,cluster_19,LJP008 PC3 24H-C646-10,17.793389454383902,18.734592261731535,1.842501025574245e-19,4
13,cluster_13,LJP006 MCF10A 24H-radicicol-1.11,13.25335035479384,18.725615364213112,1.880981983474394e-19,4
2,cluster_2,LJP006 MCF10A 24H-PD-0325901-0.04,16.151146643425083,18.707712490675277,1.9601418867856264e-19,4
7,cluster_7,LJP006 A549 24H-mitoxantrone-10,15.410340982170604,18.637839117167285,2.302294536206504e-19,3
10,cluster_10,LJP006 HME1 24H-gefitinib-0.37,19.512895947004946,18.627003120979637,2.3604612700867883e-19,4
7,cluster_7,LJP006 HEPG2 24H-linifanib-3.33,16.638627743190018,18.611330660495067,2.447199298616297e-19,4
14,cluster_14,LJP005 SKBR3 3H-LDN-193189-10,17.349893097914126,18.609975668287824,2.454846446661064e-19,3
6,cluster_6,LJP005 A549 24H-ruxolitinib-10,20.549890662397633,18.49991241719906,3.162915451057248e-19,3
12,cluster_12,LJP006 HME1 3H-alvocidib-3.33,18.484376771394512,18.484376771394512,3.2781077806641184e-19,1
12,cluster_12,LJP006 HME1 3H-alvocidib-0.37,18.30984959967454,18.484376771394512,3.2781077806641184e-19,4
6,cluster_6,LJP005 HS578T 24H-pelitinib-10,19.150426768254224,18.28600217942961,5.176042344392658e-19,4
22,cluster_22,LJP005 HEPG2 24H-foretinib-10,16.29467807189696,18.279135137951222,5.258536128326449e-19,4
8,cluster_8,LJP005 HCC515 24H-WZ-3105-0.37,17.00700712574737,18.245521657416504,5.6817005732378475e-19,4
19,cluster_19,LJP009 PC3 24H-chelerythrine chloride-10,14.573074279722736,18.179108506869667,6.620510720252352e-19,4
6,cluster_6,LJP006 MCF10A 24H-AS-605240-1.11,14.652127857082222,18.13512012881278,7.326218569120114e-19,4
6,cluster_6,LJP006 MCF10A 24H-gefitinib-10,15.809933754471647,18.13512012881278,7.326218569120114e-19,3
19,cluster_19,LJP006 SKBR3 24H-QL-XII-47-10,19.178125739931463,18.059028482236425,8.729141183823474e-19,3
19,cluster_19,LJP006 BT20 24H-celastrol-1.11,17.965892278974454,17.960160704021096,1.0960725362398068e-18,4
6,cluster_6,LJP006 HME1 24H-QL-XII-47-1.11,18.752971045500544,17.75460809838371,1.7595106570134533e-18,4
3,cluster_3,LJP006 HME1 24H-QL-XII-47-1.11,20.12369872726372,17.746260819205062,1.7936561080417396e-18,4
19,cluster_19,LJP006 A375 24H-withaferin-a-3.33,16.390463211847557,17.71350076930875,1.934190432393505e-18,4
3,cluster_3,LJP006 HA1E 24H-BI-2536-10,17.091406178491468,17.712980795363375,1.9365075950194657e-18,4
3,cluster_3,LJP006 HA1E 24H-QL-XII-47-3.33,20.22819422824078,17.712980795363375,1.9365075950194657e-18,4
3,cluster_3,LJP006 HA1E 24H-AZD-7762-1.11,16.982685032162575,17.710579022052578,1.947246706431091e-18,3
19,cluster_19,LJP006 LNCAP 24H-withaferin-a-10,16.948228068824708,17.68470634369804,2.066777173323669e-18,4
3,cluster_3,LJP006 HA1E 24H-radicicol-1.11,20.121483746328785,17.535703293766574,2.912706374268165e-18,4
3,cluster_3,LJP006 SKBR3 24H-BI-2536-10,17.68734477297586,17.522342936175928,3.0037035223027613e-18,4
22,cluster_22,LJP006 HME1 24H-PD-0325901-1.11,15.59428094940592,17.29462407778792,5.0742974580932694e-18,4
6,cluster_6,LJP006 MCF10A 24H-afatinib-1.11,13.484008980835174,17.25173618567711,5.600977323047892e-18,4
3,cluster_3,LJP006 HS578T 24H-QL-X-138-10,21.503038086727155,17.187625076406803,6.49194637198773e-18,4
16,cluster_16,LJP006 HME1 24H-selumetinib-1.11,14.516362904239402,17.180930162772782,6.5927990298920834e-18,4
16,cluster_16,LJP006 HME1 24H-PD-0325901-3.33,15.350711766386476,17.176423643960018,6.661566321837059e-18,4
22,cluster_22,LJP005 HA1E 24H-WZ-3105-0.12,16.23251515835139,17.119123098194354,7.601107975073992e-18,4
6,cluster_6,LJP006 HA1E 24H-mitoxantrone-0.37,15.07462574224882,17.075987914345543,8.394833475449637e-18,3
14,cluster_14,LJP005 SKBR3 24H-withaferin-a-3.33,16.639205913201984,17.03508153439031,9.22398239970975e-18,4
12,cluster_12,LJP006 HME1 3H-A443654-1.11,16.90436514625517,16.90436514625517,1.2463351794991552e-17,1
6,cluster_6,LJP006 MCF10A 24H-gefitinib-0.37,13.550832898664247,16.8517784299845,1.4067650498389277e-17,4
5,cluster_5,LJP006 MCF10A 24H-afatinib-1.11,16.282800029400324,16.81402777848477,1.5345188282683144e-17,4
5,cluster_5,LJP006 MCF10A 24H-canertinib-0.04,14.308646488843603,16.81402777848477,1.5345188282683144e-17,4
5,cluster_5,LJP006 MCF10A 24H-gefitinib-3.33,16.402041118357808,16.81402777848477,1.5345188282683144e-17,4
5,cluster_5,LJP006 A549 24H-mitoxantrone-10,9.990226514687777,16.81402777848477,1.5345188282683144e-17,3
22,cluster_22,LJP005 HEPG2 24H-AS-601245-3.33,16.143236356308996,16.79156357254376,1.6159816594716838e-17,3
22,cluster_22,LJP009 PC3 24H-chelerythrine chloride-10,13.7313580387498,16.73301872368705,1.8491888933956602e-17,4
14,cluster_14,LJP006 A375 24H-radicicol-10,14.893357050175762,16.48696359365423,3.258640166169186e-17,3
3,cluster_3,LJP006 HS578T 24H-withaferin-a-10,16.645014569901083,16.4573663147988,3.488459499111337e-17,4
3,cluster_3,LJP006 SKBR3 3H-BI-2536-10,16.516744072603245,16.45377262311261,3.517445498165825e-17,4
3,cluster_3,LJP005 HT29 24H-LDN-193189-10,17.691318151984504,16.45377262311261,3.517445498165825e-17,3
10,cluster_10,LJP006 HME1 3H-KIN001-043-10,16.05261729992719,16.43250576627268,3.693977397087325e-17,3
16,cluster_16,LJP006 HME1 24H-gefitinib-3.33,12.990310212997644,16.3968113922255,4.010408460181271e-17,4
5,cluster_5,LJP005 HA1E 24H-mitoxantrone-0.37,18.50864647598029,16.141337596638007,7.222081804349786e-17,4
6,cluster_6,LJP005 HCC515 24H-trametinib-10,14.752802006449347,16.004402245971004,9.899146556847507e-17,4
6,cluster_6,LJP006 MCF10A 24H-canertinib-0.04,13.79955991226781,15.92503480992673,1.1884069694514886e-16,3
5,cluster_5,LJP006 MCF10A 24H-dasatinib-3.33,13.706907400143939,15.897453922633884,1.2663276140161443e-16,4
8,cluster_8,LJP006 PC3 24H-AZD-7762-10,19.211931455474055,15.892827408076764,1.279889841039322e-16,3
10,cluster_10,LJP006 HME1 24H-AS-605240-3.33,14.388200557707343,15.759651597703067,1.7391954969892727e-16,4
14,cluster_14,LJP005 MDAMB231 3H-LDN-193189-10,14.524642729718781,15.722389300043876,1.8950064825033124e-16,3
5,cluster_5,LJP006 HA1E 24H-mitoxantrone-0.04,16.317296744954334,15.603608132807615,2.491104046513035e-16,4
14,cluster_14,LJP005 SKBR3 3H-SB590885-10,14.46727975273912,15.526789666469442,2.9731055904145777e-16,4
14,cluster_14,LJP009 PC3 24H-chelerythrine chloride-10,15.80165245032374,15.5002243874561,3.160644224349661e-16,3
15,cluster_15,LJP006 A375 24H-QL-X-138-10,15.15729641592184,15.47558544444746,3.34514198014721e-16,4
8,cluster_8,LJP006 LNCAP 3H-THZ-2-98-01-10,13.484082909188922,15.410328052172131,3.8875138368805795e-16,3
8,cluster_8,LJP008 MCF7 24H-CGP-60474-0.12,16.292674131703066,15.410328052172131,3.8875138368805795e-16,3
12,cluster_12,LJP006 HS578T 3H-A443654-3.33,15.137647427653675,15.372344660248839,4.2428271548552783e-16,2
14,cluster_14,LJP006 HME1 3H-QL-XII-47-3.33,14.50333491083737,15.191626645721186,6.432404606489386e-16,4
12,cluster_12,LJP006 MDAMB231 3H-CGP-60474-3.33,15.179398436283588,15.179398436283588,6.616092427353993e-16,1
5,cluster_5,LJP006 HME1 24H-gefitinib-0.37,7.395690041542542,15.15647527760498,6.974686994491037e-16,3
12,cluster_12,LJP006 MDAMB231 3H-BMS-345541-10,14.209408460560374,15.117398639375795,7.631349795673918e-16,3
10,cluster_10,LJP006 HME1 24H-canertinib-0.04,19.98778858743925,15.088664033772423,8.153347756217934e-16,3
10,cluster_10,LJP006 PC3 24H-torin-1-1.11,12.70418837652048,15.088664033772423,8.153347756217934e-16,4
8,cluster_8,LJP005 MCF7 24H-NVP-AUY922-0.37,16.165493925841687,15.07373305163411,8.438532908070643e-16,4
5,cluster_5,LJP006 A549 24H-mitoxantrone-1.11,12.510403956618864,14.963613253485711,1.087393534748412e-15,4
16,cluster_16,LJP005 A375 24H-PLX-4720-0.04,11.437140075148399,14.933707936188243,1.164909169538478e-15,4
22,cluster_22,LJP006 HEPG2 24H-linifanib-1.11,15.194863068213552,14.917732129044706,1.208559039244351e-15,3
22,cluster_22,LJP005 SKBR3 24H-withaferin-a-3.33,9.940754515486317,14.917732129044706,1.208559039244351e-15,4
16,cluster_16,LJP006 A549 24H-mitoxantrone-10,14.439789800471745,14.91189812690198,1.2249034929896602e-15,4
12,cluster_12,LJP005 HS578T 3H-CGP-60474-1.11,14.711724202113407,14.844307499582156,1.431174206202485e-15,4
22,cluster_22,LJP006 A549 24H-mitoxantrone-10,10.050431662064959,14.831460996516556,1.4741409259149459e-15,3
22,cluster_22,LJP005 HCC515 24H-WZ-3105-10,12.940713923334801,14.831460996516556,1.4741409259149459e-15,4
10,cluster_10,LJP006 MCF10A 24H-AS-605240-3.33,14.526524843364879,14.825134971381466,1.495770723602773e-15,4
14,cluster_14,LJP006 A549 24H-mitoxantrone-10,13.965971812864145,14.822174669592714,1.5060012433162462e-15,4
5,cluster_5,LJP005 HCC515 24H-trametinib-10,12.566631143993273,14.792756500127066,1.6115489438578701e-15,4
22,cluster_22,LJP005 HEPG2 24H-withaferin-a-3.33,11.379156007460399,14.758015499645266,1.74575984694534e-15,4
5,cluster_5,LJP006 MCF10A 24H-gefitinib-10,13.843070100378538,14.755607783458215,1.7554651677611573e-15,4
22,cluster_22,LJP006 SKBR3 3H-celastrol-3.33,15.529188005520066,14.71083035067209,1.9461201499921518e-15,4
12,cluster_12,LJP005 MDAMB231 3H-CGP-60474-10,14.546676295699536,14.700848743353125,1.9913667740343988e-15,2
16,cluster_16,LJP006 HME1 24H-AS-605240-0.12,14.072060871766125,14.69019109084252,2.0408397716148605e-15,3
16,cluster_16,LJP006 HME1 24H-PD-0325901-0.12,11.438066807563786,14.69019109084252,2.0408397716148605e-15,4
10,cluster_10,LJP005 HCC515 24H-trametinib-10,13.396025406348832,14.638766076825462,2.297385751239203e-15,4
22,cluster_22,LJP005 HT29 24H-LDN-193189-10,12.689456330797785,14.531814545270086,2.938904370554471e-15,4
5,cluster_5,LJP006 MCF10A 24H-gefitinib-0.37,13.500952081150396,14.520171405311034,3.0187600551842497e-15,4
12,cluster_12,LJP006 HME1 3H-KIN001-043-10,14.192629666694073,14.494911451734215,3.1995473986445005e-15,2
8,cluster_8,LJP006 HT29 24H-CGP-60474-10,14.82487190492961,14.483972888328674,3.2811577573442105e-15,4
5,cluster_5,LJP005 MCF10A 24H-PF-431396-3.33,12.865934799822352,14.410968818568529,3.881782353720026e-15,4
5,cluster_5,LJP005 MCF10A 24H-radicicol-0.12,11.595284064893146,14.410968818568529,3.881782353720026e-15,3
5,cluster_5,LJP006 MCF10A 24H-afatinib-3.33,12.972960910832219,14.390485671613774,4.0692495898966455e-15,4
14,cluster_14,LJP006 MDAMB231 3H-QL-XII-47-10,14.402194466996,14.312136661742446,4.873751010690571e-15,3
14,cluster_14,LJP009 MCF7 24H-saracatinib-3.33,12.074913680983078,14.281727871626371,5.227236243656776e-15,4
18,cluster_18,LJP006 HME1 24H-gefitinib-0.37,13.873742631999571,14.261016775006462,5.482557876496984e-15,3
15,cluster_15,LJP006 A375 24H-KIN001-043-3.33,13.274259458240149,14.203238842925025,6.2626934926118405e-15,4
12,cluster_12,LJP005 HS578T 3H-CGP-60474-3.33,13.961759889617088,14.189214514641414,6.468230462100558e-15,2
12,cluster_12,LJP006 HME1 3H-AZD-5438-3.33,14.282726880539256,14.148808194728458,7.098912207491665e-15,2
8,cluster_8,LJP006 MCF10A 24H-GSK-2126458-1.11,14.769620420504374,14.11622928201002,7.651925234895161e-15,4
12,cluster_12,LJP006 HME1 3H-BMS-387032-1.11,14.14920361546792,14.008137092949386,9.81438085340688e-15,2
10,cluster_10,LJP006 HME1 24H-selumetinib-0.37,15.723998006045806,13.917011876062114,1.2105650294180242e-14,2
8,cluster_8,LJP005 HEPG2 24H-mitoxantrone-3.33,8.046439191600891,13.816216670814578,1.5268041410448444e-14,4
21,cluster_21,LJP006 HME1 24H-selumetinib-1.11,11.670140991823558,13.553862790795678,2.793426245385344e-14,4
12,cluster_12,LJP006 HME1 3H-CGP-60474-1.11,13.006204869619227,13.530144821937185,2.9502252662396195e-14,2
14,cluster_14,LJP006 SKBR3 3H-JW-7-24-1-10,13.32907802837545,13.488948057100187,3.243784116432569e-14,4
14,cluster_14,LJP006 SKBR3 24H-withaferin-a-3.33,12.084864807857052,13.472000488738741,3.372869290885802e-14,4
12,cluster_12,LJP006 HME1 3H-CGP-60474-0.04,13.372011468600041,13.453925226661392,3.5162097459460296e-14,3
12,cluster_12,LJP006 HME1 3H-alvocidib-0.12,13.396706711578343,13.453925226661392,3.5162097459460296e-14,3
21,cluster_21,LJP006 HME1 24H-gefitinib-0.37,10.71024904856184,13.319486294146733,4.791965755832513e-14,4
21,cluster_21,LJP006 HME1 24H-PD-0325901-1.11,11.45426500074358,13.319486294146733,4.791965755832513e-14,4
8,cluster_8,LJP005 SKBR3 3H-CGP-60474-1.11,13.534618794566839,13.124781606538098,7.502714031125694e-14,3
10,cluster_10,LJP006 HME1 24H-PD-0325901-0.37,10.917980036156484,13.087365299506349,8.177766396830899e-14,4
10,cluster_10,LJP006 HME1 24H-selumetinib-3.33,13.313143448677586,12.924224008990377,1.1906277241205904e-13,4
10,cluster_10,LJP006 HME1 3H-CGP-60474-10,11.178760256391962,12.885564501219061,1.301474006896588e-13,3
8,cluster_8,LJP005 HCC515 24H-AS-601245-3.33,9.424305632760596,12.679471446447188,2.0918404347835918e-13,3
18,cluster_18,LJP006 HME1 24H-selumetinib-1.11,14.307616706784282,12.49490923416386,3.199563736037376e-13,3
21,cluster_21,LJP006 HME1 24H-AS-605240-3.33,11.578476671812059,12.388209294249176,4.090634772424911e-13,4
21,cluster_21,LJP006 HME1 24H-canertinib-0.04,11.579339648571647,12.388209294249176,4.090634772424911e-13,3
8,cluster_8,LJP006 MCF10A 24H-radicicol-1.11,11.972665157718158,12.35173519833712,4.4490245443010325e-13,4
8,cluster_8,LJP006 LNCAP 24H-alvocidib-0.37,12.834196384629786,12.269133543230184,5.381042928822117e-13,4
8,cluster_8,LJP005 HCC515 24H-WZ-3105-10,12.104612326112465,12.269133543230184,5.381042928822117e-13,4
8,cluster_8,LJP005 HCC515 24H-WZ-3105-1.11,12.310656037345488,12.266814180462205,5.409857424596158e-13,3
10,cluster_10,LJP006 HME1 24H-PD-0325901-3.33,11.463526046358224,12.224226213092999,5.967243868681189e-13,4
8,cluster_8,LJP006 A375 24H-PD-0325901-3.33,13.048502979820507,12.172398805871863,6.723589559376243e-13,4
15,cluster_15,LJP006 A375 24H-afatinib-10,12.115577241898627,12.098070811448066,7.97864585332008e-13,4
10,cluster_10,LJP006 HME1 3H-HG-6-64-01-3.33,12.503957636140782,11.971870378991538,1.0669145086481062e-12,4
10,cluster_10,LJP008 HA1E 24H-I-BET-3.33,9.3399511656481,11.971870378991538,1.0669145086481062e-12,4
21,cluster_21,LJP006 MCF10A 24H-radicicol-0.12,11.113962343554869,11.93242533340392,1.1683545833481886e-12,4
21,cluster_21,LJP005 SKBR3 24H-withaferin-a-10,9.911492380603429,11.88537691291536,1.3020362844432508e-12,3
15,cluster_15,LJP006 A375 24H-geldanamycin-0.04,11.58958209220264,11.832577096228054,1.4703573734745217e-12,4
15,cluster_15,LJP006 A375 24H-KIN001-043-10,12.171164351611825,11.832577096228054,1.4703573734745217e-12,4
18,cluster_18,LJP006 HME1 24H-WYE-125132-3.33,9.81824226291133,11.562313933838494,2.739593115429668e-12,4
21,cluster_21,LJP006 A375 24H-radicicol-10,9.712594990548666,11.498663678806986,3.1720229526208282e-12,3
15,cluster_15,LJP005 A375 24H-radicicol-1.11,10.913310803723643,11.27277416287931,5.336123066552396e-12,4
21,cluster_21,LJP006 A549 24H-mitoxantrone-10,7.1550276478511075,11.256745572036234,5.536743799471151e-12,4
18,cluster_18,LJP006 A375 24H-radicicol-10,1.4272870271591458,11.147375773863036,7.122364998840594e-12,3
20,cluster_20,LJP006 MCF10A 3H-GSK-2126458-3.33,10.146472501288939,11.124720863525958,7.503763478772469e-12,4
20,cluster_20,LJP006 PC3 24H-torin-1-1.11,11.184005179970404,11.124720863525958,7.503763478772469e-12,3
21,cluster_21,LJP005 HEPG2 24H-foretinib-10,6.021815630947803,11.065028729801881,8.609367969093539e-12,3
21,cluster_21,LJP006 HME1 24H-PD-0325901-3.33,7.961000562327933,11.065028729801881,8.609367969093539e-12,4
15,cluster_15,LJP006 A375 24H-KIN001-043-1.11,9.077073698734495,10.838316977731631,1.4510521541770576e-11,4
21,cluster_21,LJP006 HME1 24H-PD-0325901-0.37,8.54638462757806,10.83382698815135,1.4661317941578847e-11,4
21,cluster_21,LJP005 MCF10A 24H-PD-184352-10,8.751389069602693,10.74402426686641,1.8029169973085928e-11,4
18,cluster_18,LJP006 LNCAP 24H-BMS-345541-10,9.911536089604152,10.661816788073052,2.1786286570955603e-11,4
21,cluster_21,LJP005 SKBR3 24H-withaferin-a-3.33,7.719342258434434,10.616510469026686,2.4181850448828254e-11,3
21,cluster_21,LJP006 HME1 24H-selumetinib-10,8.128778291396365,10.322572813671336,4.758030113232336e-11,4
18,cluster_18,LJP006 A549 24H-alvocidib-10,12.913946922481852,10.039077977103952,9.139491281612113e-11,4
18,cluster_18,LJP006 A549 24H-mitoxantrone-10,9.141689277738172,9.988096975154484,1.0277867743493812e-10,4
18,cluster_18,LJP005 HCC515 24H-WZ-3105-0.12,8.795216421940678,9.988096975154484,1.0277867743493812e-10,3
18,cluster_18,LJP005 HCC515 24H-trametinib-10,4.790813910158996,9.95773354330923,1.102215354461497e-10,4
18,cluster_18,LJP006 HME1 24H-AS-605240-0.12,10.478458684563611,9.954283030799612,1.1110074449694748e-10,3
15,cluster_15,LJP005 A375 24H-pelitinib-10,9.874879427896122,9.935671835378406,1.1596532904708317e-10,3
18,cluster_18,LJP006 MCF7 24H-PF-562271-10,8.271459417589998,9.879539290267555,1.3196559181119142e-10,4
18,cluster_18,LJP006 MCF7 24H-WYE-125132-1.11,10.051411617412596,9.860740626554936,1.3780322245799586e-10,4
18,cluster_18,LJP006 MCF7 24H-torin-1-1.11,9.582530145171917,9.658135124007709,2.1971761490659548e-10,4
18,cluster_18,LJP006 PC3 24H-torin-1-1.11,5.0478449233854805,9.646087050351731,2.258982932397327e-10,4
18,cluster_18,LJP006 HME1 24H-AS-605240-3.33,9.830576780280294,9.429095597793925,3.72309743648062e-10,3
15,cluster_15,LJP008 A375 24H-azacitidine-10,11.897968593479828,9.39943482789628,3.986255873007434e-10,4
15,cluster_15,LJP009 A375 24H-vorinostat-10,7.411547200418852,9.266602527611068,5.412494554127424e-10,4
15,cluster_15,LJP006 A375 24H-radicicol-1.11,9.74140984967015,9.266602527611068,5.412494554127424e-10,4
15,cluster_15,LJP008 A375 24H-belinostat-10,10.574102831259728,9.266602527611068,5.412494554127424e-10,3
20,cluster_20,LJP006 MCF10A 24H-GSK-2126458-3.33,8.604974528551425,9.253197648968948,5.582160907839144e-10,4
20,cluster_20,LJP006 LNCAP 24H-linifanib-10,9.275475086975296,9.253197648968948,5.582160907839144e-10,4
20,cluster_20,LJP005 MCF10A 24H-radicicol-1.11,8.387259193262782,9.086392635740353,8.196102183588274e-10,4
15,cluster_15,LJP006 A375 24H-BI-2536-10,8.435101421194217,9.082313037038396,8.273456026469382e-10,4
15,cluster_15,LJP006 HEPG2 24H-QL-XII-47-1.11,10.535759236949884,8.954899006531607,1.1094327794829051e-09,4
15,cluster_15,LJP005 HEPG2 24H-pelitinib-1.11,8.06582062057728,8.954899006531607,1.1094327794829051e-09,4
20,cluster_20,LJP006 MCF10A 24H-GSK-2126458-1.11,8.510983324638161,8.897749891188848,1.2654649148817243e-09,3
20,cluster_20,LJP006 HME1 24H-WYE-125132-3.33,8.902989268140752,8.651938913211897,2.228748617494282e-09,3
20,cluster_20,LJP006 MCF10A 3H-HG-5-88-01-10,7.843219034474424,8.651938913211897,2.228748617494282e-09,4
20,cluster_20,LJP006 LNCAP 24H-BMS-345541-10,7.702265864646328,8.651938913211897,2.228748617494282e-09,4
20,cluster_20,LJP006 MCF7 24H-ZSTK-474-3.33,10.637556429794603,8.50385725462383,3.13431575251042e-09,3
20,cluster_20,LJP006 MCF10A 3H-torin-1-3.33,7.631618352705472,8.139638793942797,7.250387296579919e-09,3
20,cluster_20,LJP006 SKBR3 3H-BI-2536-10,7.198546349543119,8.077034622943497,8.374625150497764e-09,3
20,cluster_20,LJP005 MCF10A 24H-NVP-AUY922-0.04,7.679335747047063,7.931578238511018,1.1706356923323804e-08,4
20,cluster_20,LJP008 MCF7 24H-tanespimycin-10,7.224728662506918,7.879835463390957,1.3187562673218881e-08,4
20,cluster_20,LJP005 A549 24H-AZD-8330-1.11,7.758376505104509,7.79269284673159,1.6117851616418263e-08,3
